기준일,도시,군구,주소,진료소명,평일 운영시간,토요일 운영시간,"일요일/공휴일
운영시간",대표 전화번호,관할보건소,관할보건소 전화번호,장애인 편의사항
2021년 11월 03일 14시,서울,강남구,서울 강남구 삼성동(삼성2동) 8 강남구보건소,강남구보건소,09:00~21:00,09:00~18:00,09:00~18:00,02-3423-5555,강남구보건소,02-3423-7138,"수어상담가능, 전자문진표 이용, 의사소통 도움판, 중증장애인 우선검사 시행"
2021년 11월 03일 14시,서울,강남구,서울 강남구 일원로81 삼성서울병원,삼성서울병원,09:00~16:30,09:00~16:30,09:00~16:30,02-1599-3114,강남구보건소,02-3423-7138,
2021년 11월 03일 14시,서울,강남구,서울 강남구 언주로211 강남세브란스병원,강남세브란스병원,09:00~17:00,09:00~12:30,미운영,02-1599-6114,강남구보건소,02-3423-7138,
2021년 11월 03일 14시,서울,강동구,서울 강동구 성내로45,강동구보건소,09:00~21:00,09:00~18:00,09:00~18:00,02-3425-6713,강동구보건소,02-3425-6713,
2021년 11월 03일 14시,서울,강동구,서울 강동구 진황도로 61길 53,중앙보훈병원,09:00~17:30,미운영,미운영,02-2225-1114,강동구보건소,02-3425-6713,
2021년 11월 03일 14시,서울,강동구,서울시 강동구 동남로 892,강동경희대병원,09:00~17:00,09:00~12:00,미운영,02-440-7000,강동구보건소,02-3425-6713,
2021년 11월 03일 14시,서울,강동구,서울시 강동구 성안로 150,강동성심병원,08:30~16:30,08:30~11:30,미운영,1588-4100,강동구보건소,02-3425-6713,
2021년 11월 03일 14시,서울,강북구,"서울 강북구 한천로 897, 강북구보건소",강북구보건소,09:00~21:00,09:00~18:00,09:00~18:00,02-901-7704.7706,강북구보건소,02)901-7653,수어통영화상전화기 설치
2021년 11월 03일 14시,서울,강서구,서울 강서구 염창동 275-12 강서보건소,강서구보건소,09:00~20:30,09:00~17:30,09:00~17:30,02-2600-5465,강서구보건소,02-2600-5868,
2021년 11월 03일 14시,서울,관악구,서울 관악구 청룡동 1570-1 ,관악구보건소,09:00~21:00,09:00~18:00,09:00~18:00,02-879-7133/7136,관악구보건소,02-879-7131,
2021년 11월 03일 14시,서울,관악구,서울특별시 관악구 남부순환로 1636,에이치플러스양지병원,08:30~17:00,08:30~12:30,미운영,1877-8875,관악구보건소,02-879-7131,
2021년 11월 03일 14시,서울,광진구,서울특별시 광진구 자양1동 777,광진구보건소,09:00~21:00,09:00~18:00,09:00~18:00,02-450-7090,광진구보건소,02-450-7090,
2021년 11월 03일 14시,서울,광진구,서울특별시 광진구 능동로 120-1,건국대학교병원,08:30~17:00,08:30~12:00,미운영,02-1588-1533,광진구보건소,02-450-7090,
2021년 11월 03일 14시,서울,구로구,"서울 구로구 구로동(구로제5동) 109-4 구로5동 주민센터, 구로구보건소",구로구보건소,09:00~21:00,09:00~18:00,09:00~18:00,02-860-2012,구로구보건소,02-860-2012,
2021년 11월 03일 14시,서울,구로구,서울 구로구 구로동로 148,고대구로병원,09:00~17:30,미운영,미운영,02-2626-1554,구로구보건소,02-860-2012,
2021년 11월 03일 14시,서울,구로구,서울 구로구 경인로 427,구로성심병원,09:00~17:30,09:00~12:30,미운영,02-2067-1500,구로구보건소,02-860-2012,
2021년 11월 03일 14시,서울,금천구,서울 금천구 시흥제1동 1020 금천구보건소 ,금천구보건소,09:00~21:00,09:00~18:00,09:00~18:00,02-2627-2717,금천구보건소,02-2627-2717,
2021년 11월 03일 14시,서울,금천구,서울특별시 금천구 시흥대로 244,희명병원,09:00~17:00,09:00~12:00,09:00~12:00,02-2219-7231,금천구보건소,02-2627-2653,
2021년 11월 03일 14시,서울,노원구,"서울 노원구 상계6.7동 노원구보건소, 701-1",노원구보건소,09:00~21:00,09:00~18:00,13:00~17:00,02-2116-3000,노원구보건소,02-2116-4346,
2021년 11월 03일 14시,서울,노원구,서울 노원구 한글비석로 68,노원을지대학교병원,09:00~17:00,미운영,미운영,02-970-8000,노원구보건소,02-2116-4346,
2021년 11월 03일 14시,서울,노원구,서울 노원구 동일로 1342,상계백병원,09:00~16:00,미운영,미운영,02-950-1114,노원구보건소,02-2116-4346,
2021년 11월 03일 14시,서울,도봉구,서울 도봉구 쌍문동 565,도봉구보건소,"09:00~11:30,13:00~15:00,15:30~17:30,19:00~20:30","09:00~11:30,13:00~15:00,15:30~17:30","09:00~11:30,13:00~15:00,15:30~17:30",02-2091-4434,도봉구보건소,2091-4488,"전자문진표 이용, 휠체어 사용가능, 손말이음센터 연계지원"
2021년 11월 03일 14시,서울,도봉구,서울시 도봉구 우이천로 308(쌍문동) ,한일병원,9:00~17:30,미운영,미운영,02-901-3114,도봉구보건소,2091-4503,
2021년 11월 03일 14시,서울,동대문구,서울 동대문구 용두동 39-9 ,동대문구보건소,"09:00~12:30,13:00~18:00,18:30~21:00","09:00~13:00,13:30~18:00","09:00~13:00,13:30~18:00",02-2127-4283,동대문구보건소,02-2127-4283,
2021년 11월 03일 14시,서울,동대문구,서울 동대문구 망우로 82,삼육서울병원,09:00~16:30,미운영,09:00~16:30,1577-3675,동대문구보건소,02-2127-5655,
2021년 11월 03일 14시,서울,동대문구,서울 동대문구 무학로 124 ,서울특별시동부병원,09:00~17:30,09:00~12:30,09:00~12:30,920-9435/9119,동대문구보건소,02-2127-5655,
2021년 11월 03일 14시,서울,동대문구,서울 동대문구 왕산로 259,서울성심병원,09:00~16:00,미운영,미운영,966-1616,동대문구보건소,02-2127-5655,
2021년 11월 03일 14시,서울,동대문구,서울 동대문구 경희대로 23,경희의료원,08:30~16:40,09:00~12:30,미운영,958-8114,동대문구보건소,02-2127-5655,
2021년 11월 03일 14시,서울,동작구,서울 동작구 상도2동 176-3,동작구보건소,09:00~21:00,09:00~18:00,09:00~18:00,02-820-9465,동작구보건소,02-820-9465,
2021년 11월 03일 14시,서울,동작구,서울 동작구 보라매로5길 20,서울특별시 보라매병원,09:00~17:30,09:00~12:30,09:00~12:30,02-870-2114,동작구보건소,820-9465,
2021년 11월 03일 14시,서울,동작구,서울특별시 동작구 흑석로 102,서울특별시 중앙대학교 병원,08:30~17:00,08:30~12:00,미운영,1800-1114,동작구보건소,820-9465,
2021년 11월 03일 14시,서울,마포구,서울 마포구 성산동 370,마포구보건소,"09:00~13:00,15:00~17:30,19:00~21:00","09:00~13:00,15:00~18:00","09:00~13:00,15:00~18:00",02-3153-9037,마포구보건소,02-3153-9004~9006,도움인력 O
2021년 11월 03일 14시,서울,서대문구,서울 서대문구 연희동  연희로242 (연희동 165-2),서대문구보건소,"09:00~12:00,13:00~18:00,19:00~21:00","09:00~13:00,14:00~18:00","09:00~13:00,14:00~18:00",02-330-1806,서대문구보건소,02-330-1806,
2021년 11월 03일 14시,서울,서대문구,서울 서대문구 연세로 50-1,세브란스병원,06:00~06:00,06:00~06:00,06:00~06:00,1599-1004,서대문구보건소,02-330-1806,
2021년 11월 03일 14시,서울,중구,서울 중구 신당동 50-5 중구보건소  ,서울중구보건소,09:00~21:00,09:00~18:00,09:00~18:00,02-3396-5181,서울중구보건소,02-3396-5181,
2021년 11월 03일 14시,서울,중구,서울 중구 마른내로 9 백병원,인제대학교서울백병원,00:00~00:00,00:00~00:00,00:00~00:00,02-2270-0114,서울중구보건소,02-3396-4853,
2021년 11월 03일 14시,서울,중구,서울 중구 을지로 245,국립중앙의료원,00:00~00:00,00:00~00:00,00:00~00:00,02-2260-7114,서울중구보건소,02-3396-4853,
2021년 11월 03일 14시,서울,서초구,서울 서초구 서초동(서초2동) 1376-3 서초구청 보건소,서초구보건소,09:00~21:00,09:00~18:00,09:00~18:00,02-2155-8093,서초구보건소,02-2155-8093,
2021년 11월 03일 14시,서울,서초구,서울시 서초구 반포대로 222,가톨릭대학교 서울성모병원,08:00~16:30,08:00~12:00,미운영,02-1588-1511,서초구보건소,02-2155-8095,
2021년 11월 03일 14시,서울,서초구,서울특별시 서초구 헌릉로 260,서울특별시 어린이병원,10:00~15:00,미운영,미운영,02-570-8000,서초구보건소,02-2155-8095,
2021년 11월 03일 14시,서울,성동구,서울 성동구 홍익동 (왕십리도선동) 16-15 성동구보건소 ,성동구보건소,"09:00~13:00,14:00~21:00","09:00~13:00,14:00~18:00","09:00~13:00,14:00~18:00",02-2286-7172,성동구보건소,02-2286-7066,수어통역영상전화기
2021년 11월 03일 14시,서울,성동구,서울특별시 성동구 왕십리로 222-1 (사근동),한양대학교병원,09:00~17:30,09:00~12:30,미운영,02-2290-8114/8531,성동구보건소,02-2286-7066,
2021년 11월 03일 14시,서울,성동구,서울특별시 성동구 광나루로 323 송정빌딩 2층,성동군자의원,09:00~20:00,09:00~12:00,미운영,02-499-7785,성동구보건소,02-2286-7066,
2021년 11월 03일 14시,서울,성북구,서울 성북구 월곡제2동 46-1 성북구보건소 ,성북구보건소,09:00~21:00,09:00~18:00,09:00~18:00,02-2241-5912,성북구보건소,02-2241-6153,
2021년 11월 03일 14시,서울,성북구,서울 성북구 고려대로73(안암동 5가),고려대학교의료원안암병원,09:00~16:00,09:00~12:30,미운영,1577-0083,성북구보건소,02-2241-6153,
2021년 11월 03일 14시,서울,송파구,"서울 송파구 신천동 29-5 송파구청, 보건소 ",송파구보건소,"09:00~12:30,13:30~17:00,18:00~21:00","09:00~13:00,14:00~18:00","09:00~13:00,14:00~18:00",02-2147-3479,송파구보건소,02-2147-3478,
2021년 11월 03일 14시,서울,송파구,서울 송파구 올림픽로43길 88,서울아산병원,08:00~23:00,08:00~23:00,08:0~23:0,02-1688-7575,송파구보건소,02-2147-3478,
2021년 11월 03일 14시,서울,송파구,서울 송파구 송이로 123,경찰병원,9:00~16:00,미운영,미운영,02-3400-1114,송파구보건소,02-2147-3748,
2021년 11월 03일 14시,서울,양천구,서울 양천구 신정동(신정6동) 321-5 양천보건소,양천구보건소,"09:00~12:00,13:00~15:00,16:00~18:00,19:00~21:00","09:00~12:00,13:00~15:00,16:00~18:00","09:00~12:00,13:00~15:00,16:00~18:00",02-2620-3856,양천구보건소,02-2620-4920,전자문진표 이용
2021년 11월 03일 14시,서울,양천구,서울 양천구 안양천로 1071 ,이화여자대학교의과대학부속목동병원,"09:00~11:30,13:00~15:30",미운영,미운영,1666-5000,양천구보건소,02-2620-3938,
2021년 11월 03일 14시,서울,양천구,서울 양천구 신정이펜1로 20,서울특별시 서남병원,"09:00~13:00,14:00~18:00","09:00~13:00,14:00~16:00,16:30~18:00","09:00~13:00,14:00~16:00,16:30~18:00",1566-6688,양천구보건소,02-2620-3938,"수어상담가능, 의사소통 도움판 비치, 도움인력 배치"
2021년 11월 03일 14시,서울,양천구,서울 양천구 목동로 225 ,홍익병원,"09:00~12:30,13:30~17:00","09:00~12:30,13:30~17:00","09:00~12:30,13:30~17:00",02-2693-5555,양천구보건소,02-2620-3938,"청각장애인 화상통화전화번호 구비(화상전화기 구비는X), 진료 휠체어 진입가능"
2021년 11월 03일 14시,서울,영등포구,서울 영등포구 당산동3가(당산제1동) 385-1 영등포구청 영등포구보건소,영등포구보건소,09:00~18:00,09:00~18:00,09:00~18:00,02-2670-4953,영등포구보건소,02-2670-4893,
2021년 11월 03일 14시,서울,영등포구,서울특별시 영등포구 신길로 1,한림대학교 강남성심병원,08:30~16:30,08:30~11:30,미운영,1577-5587,영등포구보건소,02-2670-4980,
2021년 11월 03일 14시,서울,영등포구,서울특별시 영등포구 여의대방로 53길22,의료법인 성애병원,09:00~17:00,미운영,미운영,02-840-7538,영등포구보건소,02-2670-4980,
2021년 11월 03일 14시,서울,영등포구,서울특별시 영등포구 63로 10,가톨릭대학교 여의도성모병원,08:30~11:30,미운영,미운영,1661-7575,영등포구보건소,02-2670-4980,
2021년 11월 03일 14시,서울,영등포구,서울특별시 영등포구 당산로31길 10,인봉의료재단 영등포병원,09:00~16:30,09:00~11:00,미운영,010-5334-7708,영등포구보건소,02-2670-4980,
2021년 11월 03일 14시,서울,용산구,서울 용산구 이태원동 34-87,용산구보건소,09:00~21:00,09:00~18:00,09:00~18:00,02-2199-8373~6,용산구보건소,2199-8117,
2021년 11월 03일 14시,서울,용산구,서울 용산구 대사관로 59(한남동),순천향대학교서울병원,08:30~17:00,08:30~12:00,미운영,02-709-9114,용산구보건소,2199-6041,
2021년 11월 03일 14시,서울,은평구,서울 은평구 녹번동 84 은평구종합청사 은평구보건소,은평구보건소,09:00~18:00,09:00~13:00,09:00~13:00,02-351-8640~1,은평구보건소,351-8280,
2021년 11월 03일 14시,서울,은평구,서울 은평구 통일로1021,가톨릭대학교 은평성모병원,08:30~16:30,미운영,미운영,1811-7755,은평구보건소,351-8268,
2021년 11월 03일 14시,서울,은평구,서울 은평구 갈현로7길 49,서울특별시서북병원,09:00~18:00,미운영,미운영,02-3156-3022,은평구보건소,351-8268,
2021년 11월 03일 14시,서울,은평구,서울 은평구 백련산로 90,서울특별시은평병원,10:00~17:00,미운영,미운영,02-300-8060,은평구보건소,351-8268,
2021년 11월 03일 14시,서울,은평구,서울 은평구 통일로 873,의료법인 청구성심병원,09:00~17:00,미운영,09:00~17:00,350-3300,은평구보건소,351-8268,
2021년 11월 03일 14시,서울,종로구,서울 종로구 옥인동(청운효자동) 45-30 종로구보건소,종로구보건소,09:00~21:00,09:00~18:00,09:00~18:00,02-2148-3725,종로구보건소,2148-3725,
2021년 11월 03일 14시,서울,종로구,서울시 종로구 평동 108,강북삼성병원,08:00~17:00,08:00~12:00,미운영,02-2001-1896,종로구보건소,2148-3752,
2021년 11월 03일 14시,서울,종로구,서울시 종로구 평동 164,서울적십자병원,09:00~17:00,미운영,미운영,02-2002-8650,종로구보건소,2148-3752,
2021년 11월 03일 14시,서울,종로구,서울시 종로구 대학로 101(연건동),서울대학교병원,10:00~16:00,미운영,미운영,1588-5700,종로구보건소,2148-3752,
2021년 11월 03일 14시,서울,중랑구,서울 중랑구 신내2동 662 중랑구청 ,중랑구보건소,"09:00~12:00,13:00~18:00,18:30~21:00","09:00~13:00,14:00~18:00","09:00~13:00,14:00~18:00",02-2094-0800,중랑구보건소,02-2094-0927,"전자문진표 이용, 의사소통 도움판0"
2021년 11월 03일 14시,서울,중랑구,서울 중랑구 신내로 156,서울의료원,09:00~17:00,09:00~12:00,09:00~12:00,02-2276-8333,중랑구보건소,02-2094-0905,
2021년 11월 03일 14시,서울,중랑구,서울 중랑구 사가정로 49길 53,녹색병원,08:30~17:30,08:30~12:30,미운영,02-490-2000,중랑구보건소,02-2094-0905,
2021년 11월 03일 14시,부산,강서구,부산 강서구 대저2동 1932-1 강서브라이트센터 보건소,부산강서구보건소,09:00~18:00,9:00~18:00,09:00~14:00,051-970-3415,부산강서구보건소,051-970-2927,
2021년 11월 03일 14시,부산,강서구,부산 강서구 녹산산단321로 24-8,의료법인 갑을녹산재단 갑을녹산병원,09:00~17:00,09:00~13:00,미운영,051-974-8449,부산강서구보건소,051-970-2927,
2021년 11월 03일 14시,부산,금정구,부산광역시 금정구 부곡3동 78,금정구보건소,09:00~18:00,09:00~18:00,09:00~14:00,051-519-5051,금정구보건소,051-519-5095,
2021년 11월 03일 14시,부산,금정구,부산광역시 금정구 서동로 162(서동),세웅병원,09:00~17:00,09:00~12:30,미운영,051-500-9700,금정구보건소,051-519-5095,
2021년 11월 03일 14시,부산,기장군,부산 기장군 기장읍 신천리 1번지,기장군보건소,"09:00~11:50,13:00~17:30","09:00~11:50,13:00~17:30","09:00~11:50,13:00~13:50",051-709-4791,기장군보건소,051-709-8614,"전자문진표 이용, 의사소통 도움판O, 장애인 우선검사 실시, 도움인력O"
2021년 11월 03일 14시,부산,기장군,부산광역시 기장군 장안읍 좌동길 40,동남권원자력의학원,"08:30~12:20,13:30~17:20",08:30~12:20,미운영,051-720-5114,기장군보건소,051-709-8614,"의사소통 도움판O, 장애인 우선검사 실시, 도움인력O"
2021년 11월 03일 14시,부산,기장군,부산광역시 기장군 기장읍 대청로72번길 6,기장병원,"09:00~12:20,13:30~16:30",09:00~12:20,미운영,051-723-0171,기장군보건소,051-709-8614,"의사소통 도움판O, 장애인 우선검사 실시, 도움인력O"
2021년 11월 03일 14시,부산,동래구,부산 동래구 명륜2동 702-54번지 ,동래구보건소,09:00~18:00,09:00~18:00,09:00~14:00,051-555-4000,동래구보건소,051-550-6751,"전자문진표 이용, 장애인 우선검사 실시"
2021년 11월 03일 14시,부산,동래구,부산 동래구 충렬대로187,대동병원,09:00~17:00,09:00~12:00,미운영,051-554-1233,동래구보건소,051-550-6751,
2021년 11월 03일 14시,부산,동래구,부산광역시 동래구 안연로109번길 27,봉생병원,09:00~16:30,미운영,미운영,051-520-5510,동래구보건소,051-550-6751,
2021년 11월 03일 14시,부산,동래구,부산광역시 동래구 충렬대로 96,광혜병원,13:30~16:00,미운영,미운영,051-503-2111,동래구보건소,051-550-6751,
2021년 11월 03일 14시,부산,남구,부산 남구 못골로 23,부산남구보건소,09:00~18:00,09:00~18:00,09:00~14:00,051-607-6460,부산남구보건소,051-607-6353,"전자문진표, 장애인편의시설 (경사로, 휠체어리프트, 장애인화장실, 유도선 및 점자 보도블럭, 장애인주차공간)"
2021년 11월 03일 14시,부산,남구,부산시 남구 용호로 232번길 25-14,부산성모병원,09:00~16:00,09:00~12:00,미운영,051-933-7119,부산남구보건소,051-607-6434,"수어통역사, 전자문진표, 장애인편의시설 (경사로, 휠체어리프트, 장애인화장실, 유도선 및 점자 보도블럭, 장애인주차공간)"
2021년 11월 03일 14시,부산,동구,부산 동구 수정동(수정제2동) 806-74 동구청 보건소,부산동구보건소,09:00~18:00,09:00~18:00,09:00~14:00,051-440-6500,부산동구보건소,051-440-6541,"장애인특별교통수단 및 이송지원체계, 장애인주차공간, 휠체어이동가능, 경사로, 휠체어리트프, 장애인화장실, 유도선 및 점자유도블럭, 의사소통 도움판O, QR코드 삽입된 서식O"
2021년 11월 03일 14시,부산,동구,부산광역시 동구 범일로 119(범일동),좋은문화병원,09:00~17:00,09:00~12:00,미운영,051-644-2002,부산동구보건소,051-440-6541,"장애인특별교통수단 및 이송지원체계, 장애인주차공간, 휠체어이동가능, 경사로, 휠체어리트프, 장애인화장실, 영상전화기O"
2021년 11월 03일 14시,부산,동구,부산광역시 동구 중앙대로 401(좌천동),김원묵기념봉생병원,09:00~12:00,09:00~12:00,미운영,051-664-4000,부산동구보건소,051-440-6541,"장애인주차공간, 휠체어이동가능, 경사로, 휠체어리트프, 장애인화장실, 의사소통 도움판O, 영상전화기O"
2021년 11월 03일 14시,부산,북구,부산 북구 금곡대로348 (화명동),부산북구보건소,09:00~18:00,09:00~18:00,09:00~14:00,051-309-4500,부산북구보건소,051-309-4500,
2021년 11월 03일 14시,부산,북구,부산 북구 만덕대로 59,부민병원,09:00~17:00,09:00~13:00,미운영,051-330-3000,부산북구보건소,051-309-7064,
2021년 11월 03일 14시,부산,북구,부산 북구 낙동대로 1786(구포동) ,구포성심병원,09:00~16:30,09:00~11:00,미운영,051-330-2001,부산북구보건소,051-309-7064,
2021년 11월 03일 14시,부산,서구,부산 서구 부용동2가(부민동) 86 서구보건소 부민노인복지관,부산서구보건소,"09:00~12:00,13:00~18:00","09:00~12:00,13:00~18:00","09:00~12:00,13:00~14:00",051-242-4000,부산서구보건소,051-240-4868,우선검사 실시
2021년 11월 03일 14시,부산,서구,부산 서구 구덕로 179,부산대학교병원,09:00~17:30,미운영,미운영,051-240-7051,부산서구보건소,051-240-4866,휠체어이동가능
2021년 11월 03일 14시,부산,서구,부산 서구 대신공원로 26,동아대학교병원,08:00~17:00,미운영,미운영,051-240-5730,부산서구보건소,051-240-4866,"장애인주차공간, 휠체어 이동가능, 청각장애인 의사소통 지원"
2021년 11월 03일 14시,부산,서구,부산 서구 감천로 262,고신대학교복음병원,"09:00~12:00,13:30~17:30",미운영,미운영,051-990-6610,부산서구보건소,051-240-4866,우선 검사 실시
2021년 11월 03일 14시,부산,서구,부산 서구 대티로 170,삼육부산병원,"09:00~12:30,13:30~17:30",미운영,"09:00~12:30,13:30~17:30","051-600-7386, 7791",부산서구보건소,051-240-4866,"췰체어이동가능, 경사로유도선, 점자유도블럭"
2021년 11월 03일 14시,부산,중구,부산 중구 대청동1가 중구청 중구로 120,부산중구보건소,09:00~18:00,09:00~18:00,09:00~14:00,051-600-4741,부산중구보건소,051-600-4246,
2021년 11월 03일 14시,부산,중구,부산 중구 중구로 121,메리놀병원,11:00~12:30,11:00~12:30,미운영,051-461-2331,부산중구보건소,051-600-4246,
2021년 11월 03일 14시,부산,부산진구,부산 부산진구 범천동(범천제1동) 849-10 부산진보건소,부산진구보건소,09:00~18:00,09:00~18:00,09:00~14:00,051-645-4000,부산진구보건소,051-605-6080,
2021년 11월 03일 14시,부산,부산진구,부산 부산진구 복지로 75,인제대학교부산백병원,09:00~16:00,미운영,미운영,051-890-8933,부산진구보건소,051-605-6071,
2021년 11월 03일 14시,부산,부산진구,부산 부산진구 가야대로 721,온종합병원,11:00~16:00,11:00~12:00,미운영,051-607-0832,부산진구보건소,051-605-6071,
2021년 11월 03일 14시,부산,부산진구,부산 부산진구 양정로 62,동의병원,08:30~17:00,08:30~12:00,미운영,051-850-8865,부산진구보건소,051-605-6071,
2021년 11월 03일 14시,부산,부산진구,부산 부산진구 중앙대로 605,춘해병원,15:30~16:00,미운영,미운영,051-638-8000,부산진구보건소,051-605-6071,
2021년 11월 03일 14시,부산,사상구,부산 사상구 감전동 138-8,사상구보건소,09:00~18:00,09:00~18:00,09:00~14:00,051-310-4791,사상구보건소,051-310-4822,
2021년 11월 03일 14시,부산,사상구,부산 사상구 백양대로 420 (주례동),부산보훈병원,08:30~17:30,미운영,미운영,051-601-6000,사상구보건소,051-310-4822,
2021년 11월 03일 14시,부산,사상구,부산 사상구 가야대로 326,좋은삼선병원,09:00~16:00,09:00~12:00,미운영,051-310-0900,사상구보건소,051-310-4822,
2021년 11월 03일 14시,부산,사하구,부산광역시 사하구 하신번영로127번길 2(신평동),사하구보건소,09:00~18:00,09:00~18:00,09:00~14:00,051-220-5745,사하구보건소,051-220-5745,
2021년 11월 03일 14시,부산,수영구,부산 수영구 광안1동 661-1번지,수영구보건소,"09:00~11:30,13:00~17:30","09:00~11:30,13:00~17:30","09:00~11:30,13:00~13:30",051-752-4000,수영구보건소,516105677,전자문진표 이용
2021년 11월 03일 14시,부산,수영구,부산 수영구 수영로 493,좋은강안병원,09:30~12:00,09:30~12:00,미운영,051-625-0900,수영구보건소,516105682,도움인력 있음
2021년 11월 03일 14시,부산,수영구,부산 수영구 수영로 615,BHS한서병원,15:30~18:00,미운영,미운영,051-756-0081,수영구보건소,516105682,도움인력 있음
2021년 11월 03일 14시,부산,연제구,부산 연제구 연산2동 연제로 2(연산2동 1555),연제구보건소,"9:0~11:30,13:00~17:30","9:0~11:30,13:00~17:30","9:0~11:30,13:00~13:30",051-665-4781,연제구보건소,516655676,전자문진표 이용
2021년 11월 03일 14시,부산,연제구,부산 연제구 월드컵대로 359,부산광역시의료원,"08:30~12:20,13:30~17:20","08:30~12:20,13:30~17:20","08:30~12:20,13:30~17:20",051-607-2816,연제구보건소,051-665-5674,
2021년 11월 03일 14시,부산,영도구,"부산 영도구 청학동(청학제2동) 48-3, 영도구청 보건소동",영도구보건소,09:00~17:00,09:00~17:00,09:00~14:00,051-416-4000,영도구보건소,051-419-4931,
2021년 11월 03일 14시,부산,영도구,부산시 영도구 태종로 85,영도병원,9:00~17:00,9:00~13:00,미운영,051-419-7873,영도구보건소,051-419-4931,
2021년 11월 03일 14시,부산,영도구,부산시 영도구 태종로 133(봉래동 3가),해동병원,8:30~17:00,미운영,미운영,051-410-6682,영도구보건소,051-419-4931,
2021년 11월 03일 14시,부산,해운대구,부산 해운대구 좌2동 1339,해운대구보건소,09:00~17:00,09:30~17:00,09:00~14:00,051-746-4000,해운대구보건소,051-749-7542,
2021년 11월 03일 14시,부산,해운대구,부산 해운대로875,해운대백병원,08:30~17:00,미운영,미운영,051-797-0100,해운대구보건소,051-749-7542,
2021년 11월 03일 14시,부산,해운대구,부산 해운대로584,해운대부민병원,09:00~17:00,미운영,미운영,051-602-8000,해운대구보건소,051-749-7542,
2021년 11월 03일 14시,대구,달서구,대구 달서구 월성동(월성2동) 281 달서구청,달서구보건소,09:00~17:00,09:30~16:30,09:30~16:30,053-667-5751,달서구보건소,053-667-5751,
2021년 11월 03일 14시,대구,달서구,대구 달서구 달구벌대로 1035,계명대학교 동산병원,09:00~11:00,미운영,미운영,1577-6622,달서구보건소,053-667-5751,
2021년 11월 03일 14시,대구,달서구,대구 달서구 월배로 436,삼일병원,09:00~18:00,09:00~15:00,미운영,053-659-3100,달서구보건소,053-667-5751,
2021년 11월 03일 14시,대구,달서구,대구 달서구 감삼북길 141,구병원,09:00~17:30,09:00~13:00,미운영,053-560-9114,달서구보건소,053-667-5751,
2021년 11월 03일 14시,대구,달서구,대구 달서구 구마로 220,세강병원,09:00~17:00,09:00~13:00,미운영,053-215-6200,달서구보건소,053-667-5751,
2021년 11월 03일 14시,대구,달서구,대구 달서구 달구벌대로 1632,W병원,09:00~18:00,09:00~13:00,미운영,053-550-5000,달서구보건소,053-667-5751,
2021년 11월 03일 14시,대구,달서구,대구 달서구 월곡로60,대구보훈병원,09:00~16:30,미운영,미운영,053-630-7000,달서구보건소,053-667-5751,
2021년 11월 03일 14시,대구,달성군,대구 달성군 현풍읍 하리 253-2 ,달성군 보건소,10:00~16:00,10:00~16:00,10:00~16:00,053-668-3333,달성군 보건소,053-668-3121,"의사소통 도움판, 장애인 우선검사 실시, "
2021년 11월 03일 14시,대구,남구,대구 남구 대명2동 2003번지(영선길 34),대구광역시 남구보건소,09:00~17:30,10:00~16:00,10:00~16:00,053-664-3601,대구광역시 남구보건소,536643697,
2021년 11월 03일 14시,대구,남구,대구 남구 현충로 170,영남대학교 병원,08:30~13:00,미운영,미운영,053-620-3177,대구광역시 남구보건소,536643697,
2021년 11월 03일 14시,대구,남구,대구 남구 두류공원로17길 33,대구가톨릭대학교 병원,08:30~17:30,미운영,미운영,053-650-4194,대구광역시 남구보건소,536643697,
2021년 11월 03일 14시,대구,남구,대구 남구 대명로 153,드림병원,08:30~17:30,08:30~12:30,미운영,053-640-8800,대구광역시 남구보건소,536643697,
2021년 11월 03일 14시,대구,동구,대구 동구 검사동(동촌동) 1005-8 동구보건소,대구광역시 동구보건소,09:00~17:00,09:00~15:00,09:00~15:00,053-662-3225,대구광역시 동구보건소,053-662-3451,"장애인 편의시설O(주차공간, 화장실 등), 청각장애인 의사소통 지원체계 O "
2021년 11월 03일 14시,대구,동구,대구광역시 동구 아양로 99,대구파티마병원,09:00~17:00,09:00~12:00,미운영,053-940-7098,대구광역시 동구보건소,053-662-3451,"장애인 편의시설O(주차공간, 화장실 등), 청각장애인 의사소통 지원체계 O"
2021년 11월 03일 14시,대구,북구,대구광역시 북구 침산3동 521-2 (침산동 북구보건소),대구광역시 북구보건소,11:00~17:00,11:00~16:00,11:00~16:00,053-665-2756,대구광역시 북구보건소,053-665-3336,
2021년 11월 03일 14시,대구,북구,대구 북구 칠곡중앙대로 440,대구가톨릭대학교 칠곡가톨릭병원,09:00~17:00,09:00~12:00,미운영,053-320-2500,대구광역시 북구보건소,053-665-3336,
2021년 11월 03일 14시,대구,서구,대구 서구 평리3동 1230-9(국채보상로257),대구광역시 서구보건소,10:00~17:00,10:00~16:00,10:00~16:00,"053-663-3176, 3178",대구광역시 서구보건소,053-663-3133,
2021년 11월 03일 14시,대구,서구,대구 서구 평리로 157,대구의료원,00:00~00:00,00:00~00:00,00:00~00:00,053-560-7575,대구광역시 서구보건소,053-663-3223,
2021년 11월 03일 14시,대구,중구,대구 중구 태평로3가(성내3동) 174-1 중구보건소,대구광역시 중구보건소,10:00~17:00,10:00~14:00,10:00~14:00,053-661-3121,대구광역시 중구보건소,053-661-3805,"예약가능, 의사소통 도움판○"
2021년 11월 03일 14시,대구,중구,대구 중구 동덕로 130 경북대학교병원,경북대학교병원,08:30~17:30,미운영,미운영,053-200-4355,대구광역시 중구보건소,053-661-3805,
2021년 11월 03일 14시,대구,수성구,대구 수성구 중동 266-5(수성로213) ,수성구보건소,09:30~17:30,10:00~16:00,10:00~16:00,053-666-3266,수성구보건소,053-666-3263,
2021년 11월 03일 14시,인천,강화군,인천 강화군 강화읍 남산리 324-1 강화군보건소,강화군보건소,09:00~18:00,09:00~13:00,09:00~13:00,032-930-4007,강화군보건소,032-930-4024,
2021년 11월 03일 14시,인천,강화군,인천 강화군 충렬사로 31,비에스종합병원,00:00~24:00,00:00~24:00,00:00~24:00,032-290-0241,강화군보건소,032-930-4024,
2021년 11월 03일 14시,인천,계양구,인천 계양구 계산동 1079-1 ,계양구보건소,"09:00~11:30,14:00~17:30",09:00~12:30,09:00~12:30,032-430-7821,계양구보건소,032-430-7821,"전자문진표이용, 장애인우선검사"
2021년 11월 03일 14시,인천,계양구,인천 계양구 장재로 722,인성의료재단 한림병원,08:30~17:30,08:30~12:30,미운영,032-540-9114,계양구보건소,032-450-8551,
2021년 11월 03일 14시,인천,계양구,인천 계양구 계양문화로 20,인천세종병원,09:30~21:00,09:00~12:30,미운영,032-240-8000,계양구보건소,032-450-8551,
2021년 11월 03일 14시,인천,남동구,"인천광역시 남동구 소래로 633, 남동구보건소",인천광역시남동구보건소,09:00~18:00,09:00~13:00,09:00~13:00,032-453-8570,인천광역시남동구보건소,032-453-8570,
2021년 11월 03일 14시,인천,남동구,인천광역시 남동구 남동대로 744번길 21,길의료재단 길병원,08:00~17:00,08:00~12:00,미운영,032-460-3124,인천광역시남동구보건소,032-453-8570,
2021년 11월 03일 14시,인천,부평구,인천광역시 부평구 부흥로 291 부평구보건소,인천광역시부평구보건소,09:00~18:00,09:00~13:00,09:00~13:00,032-509-8200,인천광역시부평구보건소,032-509-8261,
2021년 11월 03일 14시,인천,부평구,인천광역시 부평구 부평대로 175,부평세림병원,8:30~17:00,8:30~12:00,미운영,032-509-5764,인천광역시부평구보건소,032-509-3100,
2021년 11월 03일 14시,인천,부평구,인천광역시 부평구 동수로 56,가톨릭대학교 인천성모병원,8:30~17:00,8:30~12:00,미운영,032-280-6915,인천광역시부평구보건소,032-509-3100,
2021년 11월 03일 14시,인천,부평구,인천광역시 부평구 무네미로 446,근로복지공단 인천병원,8:30~17:00,미운영,미운영,032-500-0229,인천광역시부평구보건소,032-509-3100,
2021년 11월 03일 14시,인천,연수구,인천 연수구 청학동  465-2(함박뫼로 13호),연수구보건소,09:00~17:30,09:00~12:30,09:00~12:30,032-749-8176,연수구보건소,032-749-8151,
2021년 11월 03일 14시,인천,연수구,"인천광역시 연수구 먼우금로 98 (동춘동, 나사렛국제병원)",나사렛국제병원,08:30~17:30,08:30~12:30,미운영,032-899-9999,연수구보건소,032-749-8181,
2021년 11월 03일 14시,인천,연수구,"인천광역시 연수구 원인재로 263 (연수동, 인천적십자병원)",인천적십자병원,08:30~17:00,미운영,미운영,032-899-4000,연수구보건소,032-749-8181,
2021년 11월 03일 14시,인천,옹진군,인천광역시 옹진군 매소홀로120,옹진군보건소,"09:00~11:30,14:00~17:30",09:00~12:30,09:00~12:30,032-899-3130,옹진군보건소,032-899-3130,
2021년 11월 03일 14시,인천,옹진군,인천광역시 옹진군 백령로 233,백령병원,00:00~24:00,00:00~24:00,00:00~24:00,032-836-1731,옹진군보건소,032-899-3130,
2021년 11월 03일 14시,인천,미추홀구,인천 미추홀구 도화동(도화1동) 357-1 미추홀구보건소,인천광역시미추홀구보건소,09:00~18:00,09:00~13:00,09:00~13:00,032-880-5333~4,인천광역시미추홀구보건소,032-880-5735,
2021년 11월 03일 14시,인천,미추홀구,인천 미추홀구 미추홀대로 726,인천사랑병원,08:30~17:30,08:30~12:30,미운영,032-457-2000,인천광역시미추홀구보건소,032-880-5336,
2021년 11월 03일 14시,인천,미추홀구,인천 미추홀구 독배로503,현대유비스병원,08:30~17:30,08:30~12:30,미운영,032-890-5509,인천광역시미추홀구보건소,032-880-5336,
2021년 11월 03일 14시,인천,동구,"인천 동구 만석동 18-3 인천광역시동구보건소, 1동 ",인천광역시동구보건소,09:00~18:00,09:00~13:00,09:00~13:00,032-770-6318,인천광역시동구보건소,032-770-6407,
2021년 11월 03일 14시,인천,동구,인천 동구 샛골로214(송림동),인천백병원,09:00~18:00,09:00~13:00,미운영,1800-7070,인천광역시동구보건소,032-770-6407,
2021년 11월 03일 14시,인천,동구,인천 동구 방축로217(송림동),인천광역시의료원,00:00~24:00,00:00~24:00,00:00~24:00,032-580-6144,인천광역시동구보건소,032-770-6407,
2021년 11월 03일 14시,인천,서구,인천 서구 심곡동(연희동) 246-1 서구보건소 39,인천광역시서구보건소,09:00~18:00,09:00~13:00,09:00~13:00,032-718-0400,인천광역시서구보건소,032-718-0400,
2021년 11월 03일 14시,인천,서구,인천 서구 서구 심곡로100번길 23,국제성모병원,0:0~24:00,0:0~24:00,0:0~24:0,032-290-2781,인천광역시서구보건소,032-718-0400,
2021년 11월 03일 14시,인천,서구,인천 서구 서구 청마로19번길 5,검단탑병원,0:0~24:00,0:0~24:00,0:0~24:0,032-590-0119,인천광역시서구보건소,032-718-0400,
2021년 11월 03일 14시,인천,서구,인천 서구 서구 원적로 23,나은병원,0:0~24:00,0:0~24:00,0:0~24:0,1661-0099,인천광역시서구보건소,032-718-0400,
2021년 11월 03일 14시,인천,서구,인천 서구 서구 신석로 70,뉴 성민병원,13:30~17:00,미운영,미운영,032-726-1000,인천광역시서구보건소,032-718-0400,
2021년 11월 03일 14시,인천,서구,인천 서구 서구 완정로 199,온누리병원,0:0~24:00,0:0~24:00,0:0~24:0,032-568-9111,인천광역시서구보건소,032-718-0400,
2021년 11월 03일 14시,인천,중구,인천 중구 전동 2-1,인천광역시중구보건소,09:00~17:30,09:00~12:30,09:00~12:30,032-760-6050,인천광역시중구보건소,032)760-6051~2,장애인우선검사
2021년 11월 03일 14시,인천,중구,인천 중구 인항로27,인하대병원,00:00~24:00,00:00~24:00,00:00~24:00,032-890-2114,인천광역시중구보건소,032-760-6053,
2021년 11월 03일 14시,인천,중구,인천 중구 답동로 30번길 10,인천기독병원,08:30~17:30,미운영,미운영,032-270-8580,인천광역시중구보건소,032-760-6053,
2021년 11월 03일 14시,인천,중구,인천 중구 운남서로 100-1,영종 국제도시보건과,09:00~17:30,09:00~12:30,09:00~12:30,032-760-6885,인천광역시중구보건소,023-760-6832,
2021년 11월 03일 14시,광주,광산구,"광주광역시 광산구 송정동 833-8 (,송정동)",광산구보건소,09:30~17:30,09:30~17:30,09:30~17:30,062-960-6868,광산구보건소,062-960-6868,장애인용 별도 출입구 마련
2021년 11월 03일 14시,광주,광산구,광주광역시 광산구 첨단중앙로 170번길 59,첨단종합병원,10:00~14:00,미운영,미운영,062-601-8119,광산구보건소,062-601-8771,
2021년 11월 03일 14시,광주,광산구,광주광역시 광산구 왕버들로220,KS병원,09:00~17:00,09:00~13:00,미운영,062-975-9782,광산구보건소,062-975-9280,
2021년 11월 03일 14시,광주,남구,광주광역시 남구 봉선로 20-1,광주남구보건소,09:00~18:00,09:00~18:00,09:00~18:00,062-671-4339,광주남구보건소,062-607-2264,"전자문진표 이용, 의사소통 도움판O, 도움인력O"
2021년 11월 03일 14시,광주,남구,광주광역시 남구 양림로 37,광주기독병원,09:00~16:30,미운영,미운영,062-650-5272,광주남구보건소,062-607-2264,"수어상담가능, 의사소통 도움판O, 도움인력O"
2021년 11월 03일 14시,광주,동구,광주 동구 서석동 31번지 ,광주동구보건소,09:00~18:00,09:00~18:00,09:00~18:00,062-608-3424,광주동구보건소,062-608-3424,
2021년 11월 03일 14시,광주,동구,광주광역시 동구 제봉로 42,전남대학교병원,09:00~18:00,09:00~18:00,09:00~17:00,062-220-5732,광주동구보건소,062-608-3423,
2021년 11월 03일 14시,광주,동구,광주광역시 동구필문대로 365,조선대학교병원,09:00~17:00,미운영,미운영,062-220-3996,광주동구보건소,062-608-3423,
2021년 11월 03일 14시,광주,북구,광주 북구 중흥2동 359번지,광주북구보건소,"09:30~11:00,13:30~17:00","09:30~11:00,13:30~17:00","09:30~11:00,13:30~17:00",062-410-8112,광주북구보건소,062-410-8047,장애인 및 노약자들을 위한 지상1층 컨테이너 운영
2021년 11월 03일 14시,광주,북구,광주 북구 양일로 309,광주일곡병원,09:00~09:00,09:00~09:00,09:00~09:00,062-608-7119,광주북구보건소,062-608-7677,
2021년 11월 03일 14시,광주,서구,광주 서구 농성동(농성1동) 299 서구보건소,광주서구보건소,"09:00~11:30,13:00~17:30","09:00~11:30,13:00~17:30","09:00~11:30,13:00~17:30","062-350-4158,4130",광주서구보건소,062-350-4158,전자문진표 가능
2021년 11월 03일 14시,광주,서구,광주 서구 금화로 59번길 6 (금호동),서광병원,09:00~17:00,09:00~12:00,미운영,"062-600-8119,8161",광주서구보건소,062-350-4142,
2021년 11월 03일 14시,대전,대덕구,대전 대덕구 석봉로38번길55 (석봉동),대덕구보건소,"09:00~12:00,13:00~16:00",09:00~12:00,09:00~12:00,042-608-4451~4455,대덕구보건소,042-608-5432,"예약가능, 장애인 우선검사 실시"
2021년 11월 03일 14시,대전,대덕구,대전 대덕구 계족로 637,근로복지공단 대전병원,08:30~12:30,미운영,미운영,042-670-5119(응급실),대덕구보건소,042-670-5376,방문시 우선검사 시행
2021년 11월 03일 14시,대전,대덕구,대전 대덕구 대청로 82번길 147,대전보훈병원,08:30~17:00,미운영,미운영,"042-939-0118,0100",대덕구보건소,"042-939-0118,0100","장애인주차, 휠체어가능, 의사소통 도움안내책자"
2021년 11월 03일 14시,대전,동구,대전광역시 동구 가오동 425,대전광역시 동구보건소,"09:30~11:30,14:00~16:00",09:30~11:30,09:30~11:30,042-251-6305,대전광역시 동구보건소,042-251-6305,엘리베이터
2021년 11월 03일 14시,대전,동구,대전광역시 동구 동서대로 1672 ,대전한국병원,09:00~16:00,09:00~11:00,09:00~11:00,042-606-1500,대전광역시 동구보건소,042-251-6106,
2021년 11월 03일 14시,대전,서구,대전 서구 만년동 340번지,대전광역시 서구보건소,"09:30~11:30,14:00~16:00",09:00~12:00,09:00~12:00,042-288-4520,대전광역시 서구보건소,042-288-4520,
2021년 11월 03일 14시,대전,서구,대전 서구 둔산서로 95,을지대학교병원,08:30~17:30,미운영,미운영,1899-0001,대전광역시 서구보건소,042-288-2181,
2021년 11월 03일 14시,대전,서구,대전 서구 관저동로 158,건양대학교병원,08:30~17:30,08:30~12:30,미운영,1577-3330,대전광역시 서구보건소,042-288-2181,
2021년 11월 03일 14시,대전,중구,대전 중구 문화2동 785 중구보건소 ,대전광역시 중구보건소,09:30~16:30,09:30~12:00,09:30~12:00,042-288-8043,대전광역시 중구보건소,042-288-8035,
2021년 11월 03일 14시,대전,중구,대전광역시 중구 대흥로 64 가톨릭대학교대전성모병원,대전성모병원,08:30~12:00,미운영,미운영,042-220-9114,대전광역시 중구보건소,042-288-8035,
2021년 11월 03일 14시,대전,중구,대전광역시 중구 목중로 29 대전선병원,대전선병원,08:30~17:30,미운영,미운영,042-220-8166,대전광역시 중구보건소,042-288-8035,
2021년 11월 03일 14시,대전,중구,대전 중구 문화로 282 충남대학교병원,충남대학교병원,09:00~17:30,미운영,미운영,042-280-6648,대전광역시 중구보건소,042-288-8035,
2021년 11월 03일 14시,대전,유성구,대전 유성구 노은동 270 월드컵보조경기장 P2주차장,대전광역시 유성구보건소,"09:30~11:30,14:00~20:00","09:30~11:30,12:00~16:00","09:30~11:30,12:00~16:00",042-611-5000,대전광역시 유성구보건소,042-611-5093,"전자문진표 이용, 도움인력O"
2021년 11월 03일 14시,대전,유성구,대전 유성구 북유성대로93,유성선병원,"09:00~12:00,13:30~16:30",미운영,미운영,042-609-1120,대전광역시 유성구보건소,042-611-5093,
2021년 11월 03일 14시,울산,남구,"울산광역시 남구 삼산중로 132, 울산남구보건소 (삼산동)",울산남구보건소,09:00~16:00,미운영,미운영,052-226-2805,울산남구보건소,052-226-2488,
2021년 11월 03일 14시,울산,남구,울산 남구 문수로 480번길 10,의)정안의료재단 중앙병원,09:00~16:30,09:00~11:30,미운영,052-226-1303,울산남구보건소,052-226-2488,
2021년 11월 03일 14시,울산,남구,울산 남구 월평로 171번길 13,울산병원,09:00~17:00,09:00~12:00,미운영,052-259-5260,울산남구보건소,052-226-2488,
2021년 11월 03일 14시,울산,남구,울산 남구 북부순환도로 51,좋은삼정병원,10:00~16:30,09:00~12:00,미운영,052-220-7592,울산남구보건소,052-226-2488,
2021년 11월 03일 14시,울산,동구,울산 동구 화정동 222,울산동구보건소,09:00~16:00,미운영,미운영,052-209-4080,울산동구보건소,052-209-4111,
2021년 11월 03일 14시,울산,동구,울산 동구 방어진순환도로 877,울산대학교병원,08:30~17:30,미운영,미운영,052-250-7410,울산동구보건소,052-250-7410,
2021년 11월 03일 14시,울산,북구,울산 북구 연암동(효문동) 1082 보건소,울산북구보건소,9:00~16:00,미운영,미운영,052-289-3450,울산북구보건소,052-241-8132,"장애인 주차가능, 휠체어 이동가능"
2021년 11월 03일 14시,울산,북구,울산광역시 북구 산업로 1007,울산시티병원,9:00~16:00,9:00~12:00,미운영,"052-280-9000, 9178",울산북구보건소,052-241-8132,"장애인 주차가능, 휠체어 이동가능"
2021년 11월 03일 14시,울산,중구,울산 중구 남외동  603-2,울산중구보건소,"09:00~11:50,13:00~15:50",미운영,미운영,052-290-4300,울산중구보건소,052-290-4367,장애인우선검사실시
2021년 11월 03일 14시,울산,중구,울산광역시 중구 태화로 239,동강병원,09:00~17:00,미운영,미운영,052-241-1119,울산중구보건소,052-290-4333,
2021년 11월 03일 14시,울산,울주군,울산 울주군 삼남읍 서향교1길 67-12 울주군보건소,울주군보건소,09:00~16:00,미운영,미운영,052-204-2798,울주군보건소,052-204-2726,"장애인 이송수단 O, 장애인 주차공간 O, 휠페어 이동가능 통로 O"
2021년 11월 03일 14시,울산,울주군,울산 울주군 삼남읍 중평로 53,서울산보람병원,09:00~17:00,09:00~12:00,미운영,052-255-7114,울주군보건소,052-204-2726,"장애인 주차공간 O, 휠체어 이동가능 통로 O, 경사로 O, 휠체어 리프트 O"
2021년 11월 03일 14시,울산,울주군,울산 울주군 삼남읍 신화리467,KTX역 선별진료소,10:00~17:30,10:00~17:30,10:00~17:30,052-229-3562,울주군보건소,052-229-3562,
2021년 11월 03일 14시,경기,가평군,경기 가평군 가평읍 읍내3리 624-1 ,가평군보건소,09:00~18:00,09:00~18:00,09:00~18:00,031-582-2488,가평군보건소,031-580-4379,
2021년 11월 03일 14시,경기,가평군,경기도 가평군 설악면 미사리로 267-117 ,HJ매그놀리아국제병원,09:00~24:00,09:00~18:00,09:00~18:00,031-589-4300,가평군보건소,031-580-4379,
2021년 11월 03일 14시,경기,고양시,경기 고양시 덕양구 주교동 603 덕양구보건소,고양시덕양구보건소,09:00~18:00,09:00~18:00,09:00~13:00,031-8075-4059,고양시덕양구보건소,031-8075-4065,
2021년 11월 03일 14시,경기,고양시,경기 고양시 덕양구 화수로14번길 55,의료법인명지의료재단명지병원,24:00~24:00,24:00~24:00,24:00~24:00,031-810-5114,고양시덕양구보건소,031-8075-4017,
2021년 11월 03일 14시,경기,과천시,경기 과천시 중앙동 과천시청 관문로 69 (중앙동),과천시보건소,09:00~17:00,09:00~12:00,09:00~12:00,02-2150-3562,과천시보건소,02-2150-3562,도움인력o
2021년 11월 03일 14시,경기,광명시,경기 광명시 하안1동 230-1 오리로613,광명시보건소,09:30~18:00,09:30~15:00,09:30~15:00,02-2680-2577,광명시보건소,02-2680-0762,
2021년 11월 03일 14시,경기,광명시,경기도 광명시 디지털로 36,광명성애병원,09:00~17:00,미운영,미운영,02-2680-7339,광명시보건소,02-2680-5543,
2021년 11월 03일 14시,경기,광주시,경기 광주시 경안동 115,광주시보건소,09:00~17:00,09:00~13:00,09:00~13:00,031-760-2110,광주시보건소,031-760-2353,
2021년 11월 03일 14시,경기,광주시,경기 광주시 광주대로 45,참조은병원,09:00~17:00,09:00~12:00,미운영,1600-9955,광주시보건소,031-760-2359,
2021년 11월 03일 14시,경기,구리시,경기 구리시 인창동 674-3,구리시보건소,09:30~17:00,미운영,미운영,031-550-8432,구리시보건소,031-550-8833,
2021년 11월 03일 14시,경기,구리시,경기도 구리시 경춘로 153,한양대학교구리병원,9:00~17:30,9:00~12:30,미운영,1644-9118,구리시보건소,031-550-8833,
2021년 11월 03일 14시,경기,구리시,경기도 구리시 동구릉로65,원진녹색병원,9:00~19:30,9:00~10:00,미운영,031-550-1111,구리시보건소,031-550-8833,
2021년 11월 03일 14시,경기,군포시,경기 군포시 부곡동 770-1 (군포로221),군포시보건소,"09:00~12:00,14:00~17:00",09:00~12:00,미운영,031-461-5464,군포시보건소,314615464,"장애인 전용 주차가능, 휠체어 지원, 화장실 및 점자유도블럭 설치"
2021년 11월 03일 14시,경기,군포시,경기도 군포시 산본로 321,원광대학교의과대학 산본병원,09:00~11:30,미운영,미운영,031-390-2345,군포시보건소,314615464,"장애인 전용 주차가능, 화장실 및 점자유도블럭 설치"
2021년 11월 03일 14시,경기,군포시,경기도 군포시 군포로 591,효산의료재단법인 지샘병원,09:00~16:30,09:00~11:30,미운영,031-389-3119,군포시보건소,314615464,휠체어 이동경로 확보
2021년 11월 03일 14시,경기,용인시,경기도 용인시 기흥구 신갈로 58번길 11,기흥구보건소,09:00~17:00,09:00~13:00,09:00~13:00,031-324-7964,기흥구보건소,031-324-7964,"장애인주차공간, 휠체어 이동가능, 경사로, 장애인화장실, 의사소통 도움판"
2021년 11월 03일 14시,경기,용인시,경기도 용인시 기흥구 용구대로 411,강남병원,08:30~17:30,08:30~12:00,미운영,031-300-0114,기흥구보건소,031-324-6916,"장애인주차공간, 휠체어 이동가능, 경사로, 장애인화장실, 의사소통 도움판"
2021년 11월 03일 14시,경기,용인시,경기도 용인시 기흥구 동백죽전대로363,용인세브란스병원,09:00~17:00,09:00~12:00,미운영,1899-1004,기흥구보건소,031-324-6916,"장애인주차공간, 휠체어 이동가능, 의사소통 도움판"
2021년 11월 03일 14시,경기,김포시,경기 김포시 사우동 김포보건소 ,김포시보건소,09:00~18:00,09:00~18:00,09:00~13:00,031-5186-4051,김포시보건소,031-980-5036,
2021년 11월 03일 14시,경기,김포시,경기도 김포시 감암로 11,김포우리병원,09:00~18:00,09:00~17:00,09:00~17:00,031-999-1000,김포시보건소,031-980-5036,
2021년 11월 03일 14시,경기,김포시,경기도 김포시 김포한강3로 283,뉴고려병원,08:30~17:30,08:30~13:00,미운영,1661-7779,김포시보건소,031-980-5036,
2021년 11월 03일 14시,경기,김포시,경기도 김포시 김포대로 681 ,히즈메디병원,08:30~21:00,08:30~17:00,08:30~17:00,1588-0223,김포시보건소,031-980-5036,
2021년 11월 03일 14시,경기,남양주시,경기 남양주시 다산동(다산2동) 3159-7 남양주시청제2청사 1~2층,남양주보건소,"09:30~11:40,14:00~16:40",09:30~13:00,09:30~13:00,031-590-4454,남양주보건소,031-590-4454,전자문진표 이용
2021년 11월 03일 14시,경기,남양주시,경기 남양주시 화도읍 비룡로59,남양주보건소 동부보건센터,09:30~17:00,09:30~13:00,09:30~13:00,031-590-8515,남양주보건소,031-590-8515,
2021년 11월 03일 14시,경기,동두천시,경기 동두천시 생연2동 714-9 동두천시보건소 ,동두천시보건소,09:00~17:30,09:30~12:30,미운영,031-860-3425,동두천시보건소,031-860-2862,
2021년 11월 03일 14시,경기,안양시,경기 안양시 만안구 안양동(안양6동) 532-1,안양시 만안구보건소,09:00~17:00,09:00~13:00,미운영,031-8045-3472,안양시 만안구보건소,031-8045-3056,
2021년 11월 03일 14시,경기,안양시,경기도 안양시 만안구 삼덕로 9,샘안양병원,08:30~17:30,08:30~12:30,미운영,031-467-9119,안양시 만안구보건소,031-8045-3196,
2021년 11월 03일 14시,경기,성남시,경기 성남시 분당구 야탑동(야탑1동) 349 분당보건소,성남시분당구보건소,09:00~17:00,09:00~13:00,09:00~13:00,031-729-3990,성남시분당구보건소,031-729-3982,"주차공간,전자문진표이용,도움인력"
2021년 11월 03일 14시,경기,성남시,경기도 성남시 분당구 야탑로 59(야탑동),분당차병원,09:00~17:00,09:00~12:00,미운영,031-780-5546,성남시분당구보건소,031-729-3990,도움인력
2021년 11월 03일 14시,경기,성남시,경기도 성남시 분당구서현로180번길20(서현동),분당제생병원,09:00~17:00,09:00~12:00,미운영,031-779-6594,성남시분당구보건소,031-729-3990,"도움인력,전자문진표"
2021년 11월 03일 14시,경기,성남시,경기 성남시 수정구 신흥동 3435 수정구보건소 218,성남시수정구보건소,09:00~17:00,09:00~13:00,09:00~13:00,031-729-3870,성남시수정구보건소,031-729-2327,요청시 1:1 전담 가능
2021년 11월 03일 14시,경기,성남시,경기도 성남시 수정구 수정로 171번길 10,성남시의료원,08:30~17:00,미운영,미운영,031-738-7000,성남시수정구보건소,031-729-2327,1:1전담 지원 가능
2021년 11월 03일 14시,경기,성남시,경기도 성남시 수정구 수정로 76,순천의료재단 정병원,13:30~17:00,09:00~12:00,미운영,031-757-8900,성남시수정구보건소,031-729-2327,요청시 지원 가능
2021년 11월 03일 14시,경기,수원시,경기도 수원시 권선구 호매실로 22-50,수원시권선구보건소,"09:00~12:00,14:00~17:00",09:00~13:00,09:00~13:00,031-228-6717,수원시권선구보건소,031-228-6717,전자문진표 이용 등
2021년 11월 03일 14시,경기,시흥시,경기 시흥시 대야동 484-3 (호현로55),시흥시보건소,09:30~17:00,09:30~13:00,09:00~12:30,031-310-6815~8,시흥시보건소,031-310-5912,
2021년 11월 03일 14시,경기,시흥시,경기도 시흥시 군자천로 381,시흥시화병원,00:00~24:00,09:00~24:00,09:00~24:00,031-5189-0516,시흥시보건소,031-310-5912,
2021년 11월 03일 14시,경기,시흥시,경기도 시흥시 복지로 57,신천연합병원,08:30~17:30,미운영,미운영,031-310-6527,시흥시보건소,031-310-5912,
2021년 11월 03일 14시,경기,시흥시,경기도 시흥시 공단1대로 237,센트럴병원,09:00~24:00,09:00~24:00,09:00~24:00,"031-8041-3752,3968",시흥시보건소,031-310-5912,
2021년 11월 03일 14시,경기,시흥시,경기도 시흥시 정왕대로233번길 19,정왕보건지소,09:30~17:00,09:00~12:30,09:30~13:00,031-310-5901,시흥시보건소,031-310-5901,
2021년 11월 03일 14시,경기,안산시,경기 안산시 단원구 초지동 666-8 안산시 단원보건소,안산시단원보건소,09:00~16:30,09:00~16:30,09:00~16:30,314816716,안산시단원보건소,4816716,
2021년 11월 03일 14시,경기,안산시 단원구,경기도 안산시 단원구 적금로 123,고려대학교안산병원,09:00~16:00,미운영,미운영,031-412-5400,안산시단원보건소,031-481-6363,
2021년 11월 03일 14시,경기,안산시 단원구,경기도 안산시 단원구 선부광장로 103,의료법인대아의료재단한도병원,09:00~17:00,09:00~12:00,미운영,031-8040-1369,안산시단원보건소,031-481-6363,
2021년 11월 03일 14시,경기,안산시,경기 안산시 상록구 사1동  1584,안산시상록수보건소,09:00~17:00,09:00~13:00,09:00~13:00,031-481-5894,안산시상록수보건소,031-481-5991,"거동불편 장애인우선검사 실시,전자문진표 실시,의사소통 도움판"
2021년 11월 03일 14시,경기,안산시,경기도 안산시 상록구  구룡로 87,근로복지공단안산병원,08:30~17:00,미운영,미운영,031-500-1770,안산시상록수보건소,031-481-5715,
2021년 11월 03일 14시,경기,안성시,경기도 안성시 강변로 74번길 18(도기동),안성시보건소,"09:00~12:00,13:00~18:00","09:00~12:00,13:00~14:00",미운영,031-678-5724,안성시보건소,031-678-5724,
2021년 11월 03일 14시,경기,안성시,경기도 안성시 남파로 95(당왕동),경기도의료원 안성병원,"08:30~12:30,13:30~17:30",미운영,미운영,031-8046-5000,안성시보건소,031-678-5724,
2021년 11월 03일 14시,경기,안성시,경기도 안성시 시장길 58(서인동),안성성모병원,00:00~00:00,00:00~00:00,00:00~00:00,031-675-6007,안성시보건소,031-678-5724,
2021년 11월 03일 14시,경기,안양시,경기 안양시 동안구 비산동 1111번지,안양시 동안구보건소,09:00~17:00,미운영,09:00~13:00,031-8045-4471,안양시 동안구보건소,031-8045-5965,
2021년 11월 03일 14시,경기,안양시,경기도 안양시 동안구 관평로 170번길11,한림대학교성심병원,08:30~16:30,08:30~12:00,미운영,"031-380-4088,5975",안양시 동안구보건소,031-8045-6776,
2021년 11월 03일 14시,경기,양주시,"경기 양주시 남방동(양주1동) 1-1 양주시보건소,양주시의회,양주시청 양주시보건소",양주시보건소,09:00~17:00,09:00~13:00,미운영,031-8082-7777,양주시보건소,031-8082-7770,
2021년 11월 03일 14시,경기,양평군,경기 양평군 양평읍 양근리 마유산로 17번지,양평군보건소,09:00~18:00,09:00~17:00,09:00~17:00,031-770-3490,양평군보건소,031-770-3533,"수어상담가능, 예약가능, 전자문진표 이용, 의사소통 도움판 O, 장애인 우선검사 실시, 도움인력 O"
2021년 11월 03일 14시,경기,양평군,경기도 양평군 양평읍 중앙로 129,양평병원,09:00~18:00,09:00~17:00,미운영,031-770-5119,양평군보건소,031-770-3533,"수어상담가능, 예약가능, 전자문진표 이용, 의사소통 도움판 O, 장애인 우선검사 실시, 도움인력 O"
2021년 11월 03일 14시,경기,여주시,경기 여주시 상동 358-3 여주시보건소,여주시보건소,09:00~17:00,09:00~13:00,09:00~13:00,031-887-3598,여주시보건소,031-887-3598,
2021년 11월 03일 14시,경기,여주시,경기도 여주시 청심로 39,세종여주병원,09:00~18:00,09:00~13:00,미운영,031-880-7700,여주시보건소,031-887-3617,
2021년 11월 03일 14시,경기,오산시,경기도 오산시 오산동 25,오산시보건소,"09:00~11:30,14:00~17:00",09:00~11:30,09:00~11:30,031-8036-6025,오산시보건소,031-8036-6228,
2021년 11월 03일 14시,경기,오산시,경기도 오산시 밀머리로1번길 16,오산한국병원,09:00~18:00,09:00~13:00,미운영,031-379-8300,오산시보건소,031-8036-6228,
2021년 11월 03일 14시,경기,부천시,경기도 부천시 조마루로 17,순천향대학교부속부천병원,09:00~17:00,09:00~12:00,미운영,032-621-5114,부천시보건소,032-625-9731,수어상담 가능
2021년 11월 03일 14시,경기,부천시,경기도 부천시 소사로 327,가톨릭대학교부천성모병원,09:00~17:00,09:00~12:00,미운영,032-340-2402,부천시보건소,032-625-9731,"의사소통 도움판O, 수어상담 가능, 전자문진표 이용"
2021년 11월 03일 14시,경기,부천시,경기도 부천시 호현로 489번길 28,부천세종병원,09:00~16:00,미운영,미운영,032-340-1897,부천시보건소,032-625-9731,"의사소통 도움판O, 수어상담 가능, 전자문진표 이용"
2021년 11월 03일 14시,경기,부천시,"경기 부천시 길주로 486, 부천종합운동장 부설주차장 C동 1층",부천시보건소,09:30~17:30,09:30~13:00,09:30~13:00,032-625-8881~4,부천시보건소,032-625-9731,전자문진표 이용
2021년 11월 03일 14시,경기,의왕시,경기 의왕시 고천동  108,의왕시보건소,09:00~17:00,09:00~12:00,09:00~12:00,031-345-3572,의왕시보건소,031-345-3873,
2021년 11월 03일 14시,경기,의왕시,경기도 의왕시 오전천로 29,아가페의료재단 시티병원,10:00~12:00,미운영,미운영,031-340-2555,의왕시보건소,031-345-3873,
2021년 11월 03일 14시,경기,의정부시,경기 의정부시 의정부2동 516 의정부시보건소 ,의정부시보건소,10:00~17:00,10:00~13:00,10:00~13:00,031-870-6011~4,의정부시보건소,031-870-6011~4,
2021년 11월 03일 14시,경기,의정부시,경기도 의정부시 흥선로 142,경기도의료원의정부병원(응급실),09:00~17:00,미운영,미운영,031-828-5143,의정부시보건소,031-870-6094,
2021년 11월 03일 14시,경기,의정부시,경기도 의정부시 천보로 271,가톨릭대학교 의정부 성모병원 ,08:30~16:30,미운영,미운영,1661-7500,의정부시보건소,031-870-6094,
2021년 11월 03일 14시,경기,의정부시,경기도 의정부시 평화로 650,추병원,09:30~16:00,09:30~11:30,미운영,031-823-8063,의정부시보건소,031-870-6094,
2021년 11월 03일 14시,경기,의정부시,경기도 의정부시 금신로  322,의정부백병원,08:30~16:30,08:30~11:30,미운영,031-842-1211,의정부시보건소,031-870-6094,
2021년 11월 03일 14시,경기,의정부시,경기도 의정부시 동일로 712(금오동),의정부을지대학교병원,08:30~16:30,미운영,미운영,031-951-2083,의정부시보건소,031-870-6094,
2021년 11월 03일 14시,경기,이천시,경기 이천시 증포동 152-2,이천시보건소,09:00~18:00,09:00~13:00,09:00~13:00,031-644-4011,이천시보건소,031-644-4038,장애인우선검사
2021년 11월 03일 14시,경기,이천시,경기도 이천시 경충대로 2742,경기도의료원이천병원,08:30~17:00,미운영,미운영,031-630-4200,이천시보건소,031-644-4020,
2021년 11월 03일 14시,경기,고양시,경기 고양시 일산서구 일산동 일중로 54,일산서구보건소,"09:00~12:00,13:00~18:00","09:00~12:00,13:00~18:00",09:00~13:00,031-8075-4212,일산서구보건소,031-8075-4217,
2021년 11월 03일 14시,경기,고양시,경기 고양시 일산서구 주화로 170,인제대학교일산백병원,07:00~17:00,미운영,미운영,031-910-7114,일산서구보건소,031-8075-4217,
2021년 11월 03일 14시,경기,수원시,경기 수원시 장안구 조원동 888번지,장안구보건소,09:00~17:00,09:00~13:00,09:00~13:00,031-228-5717,장안구보건소,031-228-5086,"전자문진표 이용, 의사소통 도움판O"
2021년 11월 03일 14시,경기,수원시,경기도 수원시 장안구 수성로245번길 69,경기도의료원 수원병원,09:00~17:00,09:00~12:00,09:00~12:00,031-888-0119,장안구보건소,031-228-5086,
2021년 11월 03일 14시,경기,성남시,경기 성남시 중원구 상대원1동 269-10,성남시중원구보건소,"09:00~12:00,14:00~17:00",09:00~13:00,09:00~13:00,031-729-3930,성남시중원구보건소,031-729-8980,도움인력O
2021년 11월 03일 14시,경기,성남시,경기도 성남시 중원구 산성대로 476번길 12,성남중앙병원,09:00~17:00,09:00~12:00,미운영,031-799-5366,성남시중원구보건소,031-729-8980,
2021년 11월 03일 14시,경기,용인시,경기 용인시 처인구 삼가동 556,처인구보건소,09:00~17:00,09:00~13:00,09:00~13:00,031-324-4981,처인구보건소,031-324-4981,
2021년 11월 03일 14시,경기,용인시,경기도 용인시 처인구 백옥대로 1082번길 18,영문의료재단 다보스병원,00:00~24:00,00:00~24:00,00:00~24:00,031-8021-2130,처인구보건소,031-324-4981,
2021년 11월 03일 14시,경기,용인시,경기도 용인시 처인구 고림로 81 ,용인서울병원,09:00~17:30,09:00~12:30,미운영,031-322-0001,처인구보건소,031-324-4981,
2021년 11월 03일 14시,경기,파주시,경기 파주시 금촌동(금촌1동) 953-1 파주시보건소 ,파주시보건소,09:00~18:00,09:00~18:00,09:00~18:00,031-940-5577,파주시보건소,031-940-5588,
2021년 11월 03일 14시,경기,파주시,경기도 파주시 중앙로 207,경기도의료원 파주병원,08:30~17:30,미운영,미운영,031-940-9119,파주시보건소,031-940-5588,
2021년 11월 03일 14시,경기,파주시,경기도 파주시 시청로 6,메디인병원,07:30~22:30,07:30~22:30,07:30~22:30,031-943-1191,파주시보건소,031-940-5588,
2021년 11월 03일 14시,경기,수원시,경기 수원시 팔달구 교동 56-1번지,팔달구보건소,"09:00~12:00,14:00~17:00",09:00~13:00,09:00~13:00,031-228-7716,팔달구보건소,031-228-7736,
2021년 11월 03일 14시,경기,수원시,경기도 수원시 팔달구 중부대로 93 (지동),성빈센트 병원,09:00~16:00,미운영,미운영,1577-8588,팔달구보건소,031-228-7736,
2021년 11월 03일 14시,경기,수원시,경기도 수원시 팔달구 중부대로 165 (우만동),동수원 병원,09:00~17:00,10:40~12:00,미운영,031-210-0114,팔달구보건소,031-228-7736,
2021년 11월 03일 14시,경기,평택시,경기 평택시 비전동 850(평택5로 56),평택시평택보건소,09:00~18:00,09:00~13:00,09:00~13:00,031-8024-5559,평택시평택보건소,031-8024-5559,
2021년 11월 03일 14시,경기,평택시,경기도 평택시 중앙로 338,의료법인 백송의료재단 굿모닝병원,00:00~24:00,00:00~24:00,00:00~24:00,031-5182-7582,평택시평택보건소,031-8024-5559,
2021년 11월 03일 14시,경기,평택시,경기도 평택시 평택2로20번길 3 ,의료법인 박애의료재단 박애병원,08:30~17:00,08:30~12:30,미운영, 031-650-9219,평택시평택보건소,031-8024-5559,
2021년 11월 03일 14시,경기,평택시,경기도 평택시 평택로 284,의료법인 양진의료재단 평택성모병원,08:30~17:00,08:30~12:30,미운영,031-1800-8800,평택시평택보건소,031-8024-5559,
2021년 11월 03일 14시,경기,평택시,"경기도 평택시 안중읍 안현로4, 9길 24",평택시안중보건지소,09:00~18:00,09:00~13:00,미운영,031-8024-8611,평택시평택보건소,031-8024-8611,
2021년 11월 03일 14시,경기,포천시,경기 포천시 신읍동 164-3 (포천시보건소),포천시보건소,09:00~18:00,09:00~13:00,09:00~13:00,031-538-4484,포천시보건소,031-538-3687,
2021년 11월 03일 14시,경기,포천시,경기도 포천시 포천로 1648,경기도의료원 포천병원,08:30~17:30,08:30~17:30,08:30~17:30,031-539-9119,포천시보건소,031-538-3687,
2021년 11월 03일 14시,경기,하남시,경기도 하남시 신장2동 520,하남시보건소,09:00~18:00,09:00~18:00,09:00~18:00,031-790-5917,하남시보건소,031-790-6338,
2021년 11월 03일 14시,경기,화성시,경기 화성시 향남읍 3.1만세로 1055,화성시보건소,09:00~17:00,미운영,미운영,031-5189-1200,화성시보건소,031-5189-3544,
2021년 11월 03일 14시,경기,화성시,경기 화성시 화산북로 21 ,원광종합병원,09:00~16:30,09:00~11:00,미운영,031-8077-7220,화성시보건소,031-5189-3544,
2021년 11월 03일 14시,경기,화성시,경기 화성시 향남읍 발안로 5,화성중앙종합병원,09:00~17:30,09:00~13:00,미운영,031-371-8114,화성시보건소,031-5189-3544,"경사로, 화장실, 의사소통 도움판활용"
2021년 11월 03일 14시,경기,화성시,경기 화성시 큰재봉길 7,한림대학교동탄성심병원,08:30~17:00,08:30~12:00,미운영,"031-8086-3616,2110",화성시보건소,031-5189-3544,
2021년 11월 03일 14시,경기,화성시,경기도 화성시 남양읍 시청로160번길 46-13,화성디에스병원,09:00~21:00,09:00~18:00,09:00~18:00,1600-5982,화성시보건소,031-5189-3544,경사로
2021년 11월 03일 14시,경기,화성시,경기 화성시 동탄 산단7길 60,화성시보건소(동탄글로브월),09:00~17:00,09:00~13:00,09:00~13:00,031-5189-1200,화성시보건소,031-5189-3544,
2021년 11월 03일 14시,경기,수원시,경기 수원시 영통구 영통동 영통로 396,영통구보건소,09:00~17:00,09:00~13:00,09:00~13:00,031-228-8785,영통구보건소,031-228-4237,
2021년 11월 03일 14시,경기,수원시,경기도 수원시 영통구 월드컵로164,아주대학교병원,00:00~00:00,00:00~00:00,00:00~00:00,031-1688-6114,영통구보건소,031-228-4237,
2021년 11월 03일 14시,경기,평택시,경기 평택시 서정동 산 12(서정로 295),평택시송탄보건소,09:00~18:00,09:00~13:00,09:00~13:00,031-8024-7325,평택시송탄보건소,031-8024-7236,
2021년 11월 03일 14시,경기,평택시,경기도 평택시 송탄로 33,박병원,00:00~24:00,00:00~24:00,00:00~24:00,031-666-2600,평택시송탄보건소,031-8024-7236,
2021년 11월 03일 14시,경기,고양시,경기 고양시 일산동구 마두동 1010번지,일산동구보건소,09:00~18:00,09:00~18:00,09:00~13:00,031-8075-4135,일산동구보건소,031-8075-4083,
2021년 11월 03일 14시,경기,고양시,경기도 고양시 일산동구 일산로100,국민건강보험공단일산병원,09:00~21:00,09:00~18:00,09:00~18:00,031-900-0750,일산동구보건소,031-8075-4083,
2021년 11월 03일 14시,경기,고양시,경기도 고양시 일산동구 동국로 27(식사동),동국대학교일산불교병원,09:00~16:30,09:00~11:30,미운영,"031-961-8013,8010",일산동구보건소,031-8075-4083,
2021년 11월 03일 14시,경기,고양시,경기도 고양시 일산동구 고양대로760,일산복음병원,09:00~17:00,09:00~12:00,미운영,"031-929-0330,0331",일산동구보건소,031-8075-4083,
2021년 11월 03일 14시,경기,용인시,경기도 용인시 수지구 포은대로 435 ,수지구보건소,09:00~17:00,09:00~13:00,09:00~13:00,031-324-8451,수지구보건소,313248451,없음
2021년 11월 03일 14시,경기,남양주시,"경기 남양주시 진접읍 금곡리 1085, 풍양보건소",남양주풍양보건소,09:30~17:00,09:30~13:00,09:30~13:00,031-590-5371,남양주풍양보건소,031-590-5371,
2021년 11월 03일 14시,경기,남양주시,경기도 남양주시 오남읍 양지로 47-55 ,남양주한양병원,09:00~17:30,09:00~12:30,09:00~09:00,031-510-0114,남양주풍양보건소,031-590-1381,
2021년 11월 03일 14시,경기,남양주시,경기도 남양주시 진접읍 봉현로 21 ,현대병원,09:00~09:00,09:00~09:00,09:00~09:00,031-574-9119,남양주풍양보건소,031-590-1381,
2021년 11월 03일 14시,경기,연천군,경기 연천군 전곡읍 은대리 577-36,연천군보건의료원,09:00~18:00,09:00~12:00,미운영,031-839-4068,연천군보건의료원,031-839-4172,
2021년 11월 03일 14시,강원,강릉시,"강원 강릉시 내곡동 413 강릉시보건소, 가동 강릉시보건소",강릉시보건소,09:00~17:00,09:00~17:00,09:00~17:00,033-660-3050,강릉시보건소,033-660-3050,
2021년 11월 03일 14시,강원,강릉시,강원 강릉시 방동길 38,강릉아산병원,09:00~15:30,미운영,미운영,033-610-4111,강릉시보건소,033-610-2812,
2021년 11월 03일 14시,강원,강릉시,강원 강릉시 강릉대로419번길 42,강릉동인병원,00:00~24:00,00:00~24:00,00:00~24:00,033-651-6161,강릉시보건소,033-650-6102,
2021년 11월 03일 14시,강원,강릉시,강원 강릉시 옥가로 30,강릉고려병원,10:00~12:00,09:00~12:00,미운영,033-649-0333,강릉시보건소,033-649-0333,
2021년 11월 03일 14시,강원,강릉시,강원 강릉시 경강로 2007,강릉의료원,09:00~16:30,미운영,미운영,033-610-1200,강릉시보건소,033-610-1459,
2021년 11월 03일 14시,강원,고성군,강원 고성군 간성읍 수성로 30,고성군보건소,09:00~18:00,09:00~18:00,09:00~18:00,033-681-4000,고성군보건소,336804331,
2021년 11월 03일 14시,강원,동해시,강원 동해시 천곡동 840 보건소 동해시보건소,동해시보건소,10:00~15:00,10:00~15:00,10:00~15:00,033-530-2411,동해시보건소,033-530-2411,
2021년 11월 03일 14시,강원,동해시,강원 동해시 하평로 26,의료법인 동해동인병원,09:00~12:00,09:00~12:00,미운영,033-530-0400,동해시보건소,033-530-2411,
2021년 11월 03일 14시,강원,동해시,강원 동해시 하평로 11,근로복지공단 동해병원,14:00~17:00,14:00~17:00,14:00~17:00,033-530-3885,동해시보건소,033-530-2411,
2021년 11월 03일 14시,강원,삼척시,강원 삼척시 남양동 347-4,삼척시보건소,"09:00~12:00,13:00~16:00","09:00~12:00,13:00~15:00","09:00~12:00,13:00~15:00",033-570-4649,삼척시보건소,033-570-4649,
2021년 11월 03일 14시,강원,삼척시,강원도 삼척시 오십천로 418,강원도 삼척의료원,"09:00~12:30,13:30~17:00",10:00~14:00,10:00~14:00,033-570-7545,삼척시보건소,033-570-4649,
2021년 11월 03일 14시,강원,속초시,강원 속초시 동해대로 4229(생활체육관 주차장 내),속초시보건소,09:00~16:00,09:00~16:00,09:00~16:00,033-639-1531,속초시보건소,033-639-1531,"우선검사, 도움인력"
2021년 11월 03일 14시,강원,속초시,강원 속초시 영랑호반길 3,강원도속초의료원,09:00~17:30,미운영,미운영,033-630-6122,속초시보건소,033-639-1531,
2021년 11월 03일 14시,강원,속초시,강원 속초시 중앙로 11 ,속초보광병원,09:00~17:30,09:00~12:30,미운영,033-639-8557,속초시보건소,033-639-1531,
2021년 11월 03일 14시,강원,양구군,강원 양구군 양구읍 하리 34-5 양구군보건소,양구군보건소,09:00~18:00,09:00~18:00,09:00~18:00,033-480-2550,양구군보건소,033-480-2791,
2021년 11월 03일 14시,강원,양구군,강원 양구군 양구읍 중심로 160 ,양구성심병원,00:00~24:00,00:00~24:00,00:00~24:00,033-480-8800,양구군보건소,033-480-2809,
2021년 11월 03일 14시,강원,양양군,강원 양양군 양양읍 연창리 203-5 양양군보건소 양양군보건소,양양군보건소,09:00~16:00,09:00~16:00,09:00~16:00,033-670-2119,양양군보건소,033-670-2503,"전자문진표(QR) 이용, 도움인력"
2021년 11월 03일 14시,강원,영월군,강원 영월군 영월읍 하송로 44 영월군보건소 ,영월군보건소,09:00~16:00,09:00~16:00,09:00~16:00,033-370-1800,영월군보건소,033-370-2448,
2021년 11월 03일 14시,강원,영월군,강원 영월군 영월읍 중앙1로 59 영월의료원,영월의료원,00:00~24:00,00:00~24:00,00:00~24:00,033-370-9129,영월군보건소,033-370-2448,
2021년 11월 03일 14시,강원,원주시,강원 원주시 일산동 211,원주시보건소,09:00~18:00,10:00~15:00,10:00~15:00,033-737-4065,원주시보건소,033-737-4065,
2021년 11월 03일 14시,강원,원주시,강원 원주시 일산로 20,연세대학교 원주세브란스기독병원,09:00~17:30,미운영,미운영,033-741-1641,원주시보건소,033-737-4065,
2021년 11월 03일 14시,강원,원주시,강원 원주시 서원대로 387,원주의료원,09:00~17:30,미운영,미운영,033-760-4701,원주시보건소,033-737-4065,
2021년 11월 03일 14시,강원,인제군,강원 인제군 인제읍 인제로140번길 34,인제군보건소,"09:00~11:30,13:00~16:00","09:00~11:30,13:00~14:00","09:00~11:30,13:00~14:00",033-461-2425,인제군보건소,033 460 2512,"의사소통도움판, 장애인우선검사 등"
2021년 11월 03일 14시,강원,정선군,강원 정선군 정선읍 녹송로 33,정선군보건소,09:00~16:00,09:00~16:00,09:00~16:00,033-560-2739,정선군보건소,033-560-2739,
2021년 11월 03일 14시,강원,정선군,강원도 정선군 정선읍 봉양1길 146,근로복지공단정선병원,00:00~24:00,00:00~24:00,00:00~24:00,033-560-7110,정선군보건소,033-560-2739,
2021년 11월 03일 14시,강원,정선군,강원도 정선군 사북읍 지장천로 727,정선군립병원,10:00~11:30,미운영,미운영,033-592-3121,정선군보건소,033-560-2739,
2021년 11월 03일 14시,강원,철원군,강원 철원군 갈말읍 군탄리 960-2,철원군보건소,09:00~16:30,09:00~11:30,09:00~11:30,033-450-5950,철원군보건소,033-450-4432,"장애인우선검사,도움인력"
2021년 11월 03일 14시,강원,철원군,강원도 철원군 갈말읍 명성로 208,철원병원,09:00~11:00,미운영,미운영,033-450-3300,철원군보건소,033-450-4432,
2021년 11월 03일 14시,강원,춘천시,강원 춘천시 중앙로3가 67,춘천시보건소,09:00~17:00,09:00~17:00,09:00~17:00,033-250-4688,춘천시보건소,033-245-5598,
2021년 11월 03일 14시,강원,춘천시,강원 춘천시 백령로 156,강원대학교병원,09:00~16:30,미운영,미운영,033-258-2071,춘천시보건소,033-245-5598,
2021년 11월 03일 14시,강원,춘천시,강원도 춘천시 삭주로 77,한림대학교춘천성심병원,08:30~17:00,08:30~12:00,미운영,033-240-5815,춘천시보건소,033-245-5598,
2021년 11월 03일 14시,강원,태백시,강원 태백시 황지동 20-8,태백시보건소,08:00~18:00,09:00~17:00,09:00~17:00,033-552-4000,태백시보건소,033-550-2550,
2021년 11월 03일 14시,강원,태백시,강원도 태백시 보드미길8,근로복지공단태백병원,00:00~00:00,00:00~00:00,00:00~00:00,033-580-3119,태백시보건소,033-550-2692,
2021년 11월 03일 14시,강원,홍천군,강원 홍천군 홍천읍 희망리 350 홍천군보건소,홍천군보건소,09:00~17:00,09:00~15:00,09:00~15:00,033-430-4024,홍천군보건소,033-430-4024,
2021년 11월 03일 14시,강원,홍천군,강원 홍천군 산림공원 1길 17,홍천아산병원,00:00~24:00,00:00~24:00,00:00~24:00,033-430-5119,홍천군보건소,033-430-4024,
2021년 11월 03일 14시,강원,횡성군,강원 횡성군 횡성읍 읍하리 598 횡성보건소,횡성군보건소,09:00~17:00,09:00~13:00,09:00~13:00,033-340-5707,횡성군보건소,033-340-5707,
2021년 11월 03일 14시,강원,횡성군,강원도 횡성군 횡성읍 횡성로275,횡성대성병원,09:00~17:00,미운영,미운영,033-343-0901,횡성군보건소,033-340-5707,
2021년 11월 03일 14시,강원,평창군,강원 평창군 평창읍 노성로 11 평창군보건의료원,평창군보건의료원,09:00~16:00,09:00~15:00,09:00~15:00,033-330-4800,평창군보건의료원,033-330-4849,"도움인력(○), 장애인우선검사(○)"
2021년 11월 03일 14시,강원,화천군,강원 화천군 화천읍 강변로 111,화천군보건의료원,09:00~17:30,09:00~17:30,09:00~17:30,033-442-4424,화천군보건의료원,033-440-2879,
2021년 11월 03일 14시,충북,괴산군,충북 괴산군 괴산읍 동부리 641 괴산군보건소,괴산군보건소,09:00~16:00,09:00~16:00,09:00~12:00,043-832-4000,괴산군보건소,043-830-2352,
2021년 11월 03일 14시,충북,괴산군,충북 괴산군 괴산읍 임꺽정로 116,괴산성모병원,00:00~24:00,00:00~24:00,00:00~24:00,043-830-5400,괴산군보건소,830-2352,
2021년 11월 03일 14시,충북,단양군,충북 단양군 단양읍 삼봉로 53,단양군보건소,10:00~16:00,10:00~16:00,10:00~16:00,043-420-3201,단양군보건소,043-420-3263,
2021년 11월 03일 14시,충북,단양군,충북 단양군 단양읍 별곡6길 10,단양군립노인요양병원,00:00~24:00,00:00~24:00,00:00~24:00,043-423-8844,단양군보건소,043-420-3202,
2021년 11월 03일 14시,충북,보은군,충북 보은군 보은읍 동광길 50,보은군보건소,09:00~18:00,09:00~16:00,09:00~16:00,043-540-5619,보은군보건소,043-540-5619,
2021년 11월 03일 14시,충북,보은군,충북 보은군 보은읍 보은로 102,보은한양병원,00:00~24:00,00:00~24:00,00:00~24:00,043-544-1500,보은군보건소,043-540-5619,
2021년 11월 03일 14시,충북,영동군,충북 영동군 영동읍 매천리 444-1,영동군보건소,09:00~16:00,09:00~16:00,09:00~16:00,043-740-5612,영동군보건소,043-740-5589,"예약가능, 전자문진표 이용, 장애인 우선검사 실시, 도움인력(유)"
2021년 11월 03일 14시,충북,영동군,충북 영동군 영동읍 대학로 106,영동병원,00:00~24:00,00:00~24:00,00:00~24:00,043-740-9000,영동군보건소,043-740-5589,
2021년 11월 03일 14시,충북,옥천군,"충북 옥천군 옥천읍 삼양로 8길 10, 옥천군보건소",옥천군보건소,09:00~16:00,09:00~16:00,09:00~16:00,043-730-2113,옥천군보건소,043-730-2113,
2021년 11월 03일 14시,충북,옥천군,충북 옥천군 옥천읍 성왕로 1195,옥천성모병원,00:00~24:00,00:00~24:00,00:00~24:00,043-730-7000,옥천군보건소,043-730-2116,
2021년 11월 03일 14시,충북,음성군,충북 음성군 음성읍 읍내리 406-4,음성군보건소,09:00~17:00,09:00~17:00,09:00~17:00,043-872-2136,음성군보건소,043-871-2183,
2021년 11월 03일 14시,충북,음성군,충북 음성군 금왕읍 음성로1230번길 10   ,금왕태성병원,08:30~16:30,08:30~12:30,미운영,043-883-8800,음성군보건소,043-871-2154,
2021년 11월 03일 14시,충북,제천시,충청북도 제천시 청전동 110,제천시보건소,10:00~16:00,10:00~16:00,10:00~16:00,043-646-2720,제천시보건소,043-641-3913,
2021년 11월 03일 14시,충북,제천시,충청북도 제천시 숭문로 57,제천 서울병원,00:00~24:00,00:00~24:00,00:00~24:00,043-642-7609,제천시보건소,043-641-3913,
2021년 11월 03일 14시,충북,제천시,충북 제천시 내토로 991,명지병원(제천),00:00~24:00,00:00~24:00,00:00~24:00,043-640-8373,제천시보건소,043-641-3913,
2021년 11월 03일 14시,충북,증평군,충북 증평군 증평읍 내성리 57-2 증평군보건소,증평군보건소,09:00~17:00,09:00~13:00,미운영,043-835-4220,증평군보건소,043-835-4268,
2021년 11월 03일 14시,충북,진천군,충북 진천군 진천읍 벽암리 570 진천군보건소 본관,진천군보건소,"09:00~11:50,13:00~16:50","09:00~11:50,13:00~16:50","09:00~11:50,13:00~16:50",043-539-7771,진천군보건소,043-539-4369,
2021년 11월 03일 14시,충북,진천군,충북진천읍 중앙북로 36,건명의료재단 진천성모병원,00:00~24:00,00:00~24:00,00:00~24:00,043-533-1710,진천군보건소,043-539-8792,
2021년 11월 03일 14시,충북,청주시,충청북도 청주시 상당구 남일면 단재로 480,청주시상당보건소,09:00~18:00,09:00~18:00,09:00~18:00,043-201-4392,청주시상당보건소,043-201-4392,
2021년 11월 03일 14시,충북,청주시,충청북도 청주시 상당구 단재로 106,청주한국병원,09:00~16:00,미운영,미운영,043-222-7000,청주시상당보건소,043-201-4392,
2021년 11월 03일 14시,충북,청주시,충청북도 청주시 상당구 쇠내로 16,청주효성병원,08:30~17:30,미운영,미운영,043-221-5000,청주시상당보건소,043-201-4392,
2021년 11월 03일 14시,충북,청주시,충북 청주시 흥덕구 비하동(강서제1동) 792 흥덕구 보건소 흥덕보건소,청주시흥덕보건소,09:0~18:0,09:0~13:0,09:0~13:0,043-201-3342,청주시흥덕보건소,432013342,
2021년 11월 03일 14시,충북,청주시,충북 청주시 흥덕구 2순환로 1262,한마음의료재단하나병원,09:30~15:30,09:30~10:30,미운영,043-230-6191,청주시흥덕보건소,043-201-3302,
2021년 11월 03일 14시,충북,청주시,충청북도 흥덕구 오송읍 오송생명1로 191,베스티안병원,09:00~18:00,09:00~12:00,미운영,043-904-8711,청주시흥덕보건소,043-201-3302,
2021년 11월 03일 14시,충북,청주시,충북 청주시 서원구 사직동(사직1동) 888 서원구청 지하1층 서원보건소,청주시서원보건소,09:00~18:00,09:00~13:00,09:00~13:00,"043-201-3207, 3208",청주시서원보건소,043-201-3262,"수어상담, 예약 불가능 / 전자문진표 이용가능 / 의사소통 도움판 없음 / 상황에 따른 장애인 우선검사 실시/ 전담 도움 인력 없음"
2021년 11월 03일 14시,충북,청주시,충북 청주시 서원구 흥덕로 48,충청북도 청주의료원,00:00~24:00,00:00~24:00,09:00~16:30,043-279-0400,청주시서원보건소,043-201-3223,"장애인 주차공간O,휠체어 이동가능통로O,휠체어리프팅O"
2021년 11월 03일 14시,충북,충주시,충북 충주시 문화동 1655 충주시 건강복지타운 충주시 보건소,충주시보건소,09:00~18:00,09:00~18:00,09:00~18:00,043-850-4431,충주시보건소,043-850-4431,
2021년 11월 03일 14시,충북,충주시,충북 충주시 국원대로82,건국대학교충주병원,09:00~17:00,08:30~12:00,미운영,043-840-6513,충주시보건소,043-850-4431,
2021년 11월 03일 14시,충북,충주시,충북 충주시 안림로239-50,충주의료원,00:00~24:00,00:00~24:00,00:00~24:00,043-871-0118,충주시보건소,043-850-4431,
2021년 11월 03일 14시,충북,청주시,충청북도 청주시 청원구 오창읍 각리 639-1,청주시청원보건소,09:00~18:00,미운영,미운영,043-201-3442,청주시청원보건소,043-201-0930,
2021년 11월 03일 14시,충북,청주시,충북청주시 청원구 주성로173-19,청주성모병원,09:00~16:30,미운영,미운영,043-219-8000,청주시청원보건소,043-201-3442,
2021년 11월 03일 14시,충남,계룡시,충남 계룡시 금암동 10-5 계룡시보건소,계룡시보건소,09:30~16:00,09:30~16:00,09:30~16:00,042-840-3507,계룡시보건소,042-840-3521,
2021년 11월 03일 14시,충남,공주시,충청남도 공주시 봉황로 123,공주시보건소,"09:00~12:00,13:00~17:00","09:00~12:00,13:00~17:00","09:00~12:00,13:00~17:00",041-840-8600,공주시보건소,041-840-8820,"장애인 주차공간 구비, 의사소통도움판 O"
2021년 11월 03일 14시,충남,공주시,충청남도 공주시 무령로 77,공주의료원,"08:30~12:30,13:30~17:30",미운영,미운영,041-962-1111,공주시보건소,041-840-8820,
2021년 11월 03일 14시,충남,금산군,충남 금산군 금산읍 중도리 203-1  금산군보건소,금산군보건소,"09:00~12:00,13:00~18:00","09:00~12:00,13:00~18:00","09:00~12:00,13:00~18:00",041-751-6157,금산군보건소,041-750-4446,
2021년 11월 03일 14시,충남,논산시,충남 논산시 관촉동(취암동) 327-2,논산시보건소,09:00~18:00,09:0~18:00,09:00~18:00,041-746-8091,논산시보건소,041-746-8046,
2021년 11월 03일 14시,충남,논산시,충남 논산시 시민로294번길 14,의료법인백제병원,00:00~23:59,00:00~23:59,00:00~23:59,041-730-8888,논산시보건소,041-730-8754,
2021년 11월 03일 14시,충남,당진시,충청남도 당진시 시청1로,당진시보건소,09:00~18:00,09:00~18:00,09:00~18:00,041-360-6004,당진시보건소,041)360-6110,
2021년 11월 03일 14시,충남,당진시,충남 당진시 반촌로 5-15,당진종합병원,00:00~24:00,00:00~24:00,00:00~24:00,070-7332-8248,당진시보건소,070-7332-8216,
2021년 11월 03일 14시,충남,보령시,충남 보령시 남포면 보령남로 234,보령시보건소,09:00~18:00,09:00~18:00,09:00~18:00,041-930-0900,보령시보건소,041-930-5949,
2021년 11월 03일 14시,충남,보령시,충남 보령시 죽성로 136,보령아산병원,09:00~16:00,미운영,미운영,041-930-5333,보령시보건소,041-930-5131,
2021년 11월 03일 14시,충남,부여군,충청남도 부여군 부여읍 구아리 137-2,부여군보건소,09:00~17:30,09:00~17:30,09:00~17:30,041-830-8600,부여군보건소,041-830-8719,
2021년 11월 03일 14시,충남,부여군,충남 부여군 부여읍 계백로 200,건양대학교 부여병원,06:00~22:00,06:00~22:00,06:00~22:00,041-837-1200,부여군보건소,041-830-8720,
2021년 11월 03일 14시,충남,부여군,충남 부여군 부여읍 사비로 78,성요셉연합의원,08:00~17:00,08:00~12:00,미운영,041-835-7582,부여군보건소,041-830-8719,
2021년 11월 03일 14시,충남,서산시,충남 서산시 예천동(석남동) 496-1 서산시보건소,서산시보건소,"09:00~13:00,14:00~18:00","09:00~13:00,14:00~18:00","09:00~13:00,14:00~18:00",041-661-8100,서산시보건소,041-661-8244,우선검사 실시
2021년 11월 03일 14시,충남,서산시,충청남도 서산시 중앙로 149,충청남도서산의료원,09:00~12:00,미운영,미운영,041-689-7119,서산시보건소,041-661-8244,
2021년 11월 03일 14시,충남,서천군,충남 서천군 서천읍 군사리 799 서천군보건소,서천군보건소,09:00~17:30,09:00~17:30,09:00~17:30,041-950-6940,서천군보건소,041-950-6717,
2021년 11월 03일 14시,충남,서천군,충남 서천군 서천읍 서천로 184,서해병원,00:00~24:00,00:00~24:00,00:00~24:00,041-951-8282,서천군보건소,041-950-6718,
2021년 11월 03일 14시,충남,아산시,충남 아산시 남부로 370-24,아산시보건소,09:00~17:00,09:00~17:00,09:00~17:00,1899-7425,아산시보건소,041-530-6010,
2021년 11월 03일 14시,충남,아산시,충남 아산시 문화로 381 ,아산충무병원,08:30~17:30,08:30~13:00,00:00~00:00,041-536-6666,아산시보건소,041-530-6010,
2021년 11월 03일 14시,충남,아산시,충남 아산시 시민로 388,현대병원,09:00~16:00,09:00~11:00,00:00~00:00,041-546-3636,아산시보건소,041-530-6010,
2021년 11월 03일 14시,세종,세종특별자치시,세종특별자치시 조치원읍 대첩로 32,세종특별자치시보건소,09:00~16:30,미운영,미운영,044-301-2840,세종특별자치시보건소,044-301-2894,전자문진표 이용
2021년 11월 03일 14시,세종,세종특별자치시,세종특별자치시 보듬7로20 세종충남대학교병원,세종 충남대학교병원,08:30~17:00,미운영,미운영,044-995-3400(~2),세종특별자치시보건소,044-301-2894,
2021년 11월 03일 14시,충남,예산군,충남 예산군 예산읍 군청로 22 ,예산군보건소,09:00~18:00,09:00~18:00,09:00~18:00,041-339-6062,예산군보건소,041-339-6062,
2021년 11월 03일 14시,충남,예산군,충남 예산군 예산읍 금오대로 94,예산종합병원,00:00~24:00,00:00~24:00,00:00~24:00,041-330-4000,예산군보건소,041-339-6062,
2021년 11월 03일 14시,충남,천안시,충남 천안시 서북구 번영로 156 천안시청(봉서홀 아래 필로티),천안시서북구보건소,9:00~18:00,9:00~18:00,9:00~18:00,041-521-2661,천안시서북구보건소,041-521-5058,"장애인 주차공간 구비, 휠체어 이동 가능, 수어통역 가능 등"
2021년 11월 03일 14시,충남,천안시,충청남도 천안시 서북구 다가말3길 8,의료법인 영서의료재단 천안충무병원,8:30~16:30,8:30~12:00,미운영,041-570-7555,천안시서북구보건소,041-521-2808,"장애인 주차공간 구비, 휠체어 이동 가능 등"
2021년 11월 03일 14시,충남,천안시,충청남도 천안시 동남구 순천향6길 31,학교법인동은학원 순천향대학교부속천안병원,9:00~17:00,9:00~12:00,미운영,1577-7523,천안시서북구보건소,041-521-2808,"장애인 주차공간 구비, 휠체어 이동 가능, 장애인 화장실 등"
2021년 11월 03일 14시,충남,천안시,충청남도 천안시 동남구 충절로 537,충청남도천안의료원,9:00~17:00,14:30~17:00,14:30~17:00,041-570-7033,천안시서북구보건소,041-521-2808,"장애인 주차공간 구비, 휠체어 이동 가능 등"
2021년 11월 03일 14시,충남,천안시,충남 천안시 동남구 망향로 201 ,단국대학교의과대학부속병원,8:30~17:00,미운영,미운영,041-550-6866,천안시서북구보건소,041-521-2808,"장애인 주차공간 구비, 휠체어 이동 가능, 장애인 화장실 등"
2021년 11월 03일 14시,충남,천안시,충청남도 천안시 동남구 남부대로 350 (청당동,천안우리병원,8:00~17:00,8:00~12:00,미운영,041-590-9000,천안시서북구보건소,041-521-2808,장애인 주차공간 구비
2021년 11월 03일 14시,충남,천안시,충남 천안시 버들로34,천안시동남구보건소,9:00~18:00,9:00~18:00,9:00~18:00,041-521-2661,천안시동남구보건소,041-521-5058,"장애인 주차공간 구비, 휠체어 이동 가능, 수어통역 가능 등"
2021년 11월 03일 14시,충남,홍성군,충남 홍성군 홍성읍 오관리 474-7 홍성군보건소,홍성군보건소,09:00~18:00,09:00~18:00,09:00~18:00,041-632-2588,홍성군보건소,041-630-9565,도움인력O
2021년 11월 03일 14시,충남,홍성군,충남 홍성군 홍성읍 조양로 224,홍성의료원,08:30~17:30,미운영,미운영,041-630-6119,홍성군보건소,041-630-9565,"의사소통도움판(원내O), 도움인력O"
2021년 11월 03일 14시,충남,청양군,충남 청양군 청양읍 칠갑산로 7길 54,청양군보건의료원,08:30~17:30,08:30~17:30,08:30~17:30,041-940-4515,청양군보건의료원,041-940-4521,
2021년 11월 03일 14시,충남,태안군,충남 태안군 태안읍 평천리 698-6,태안군보건의료원,09:00~18:00,09:00~17:00,09:00~17:00,041-671-5224,태안군보건의료원,041-671-5488,"도움인력, 장애인 우선 검사, 의사소통 도움판"
2021년 11월 03일 14시,전북,고창군,전북 고창군 고창읍 율계리 101(전봉준로 90),고창군보건소,09:00~18:00,09:00~18:00,09:00~18:00,063-560-8716,고창군보건소,635608716,"예약가능, 도움인력○"
2021년 11월 03일 14시,전북,고창군,전북 고창군 고창읍 화신1길 9,고창병원,00:00~24:00,00:00~24:00,00:00~24:00,063-560-5600,고창군보건소,635608716,"예약가능, 도움인력○"
2021년 11월 03일 14시,전북,군산시,전북 군산시 수송동 851-1,군산시보건소,9:00~18:00,09:00~18:00,9:00~18:00,063-463-4000,군산시보건소,063-460-3235,
2021년 11월 03일 14시,전북,군산시,전라북도 군산시 의료원로27,군산의료원,00:00~24:00,00:00~24:00,00:00~24:00,063-472-5119,군산시보건소,063-460-3235,
2021년 11월 03일 14시,전북,군산시,전라북도 군산시 149,동군산병원,00:00~24:00,00:00~24:00,00:00~24:00,063-440-0516,군산시보건소,063-460-3235,
2021년 11월 03일 14시,전북,김제시,전북 김제시 요촌동 423-2,김제시보건소,09:00~18:00,09:00~18:00,09:00~18:00,063-540-4553,김제시보건소,063-540-4553,
2021년 11월 03일 14시,전북,남원시,전북 남원시 조산동(금동) 455 남원시보건소,남원시보건소,"09:00~11:30,13:00~17:30","09:00~11:30,13:00~17:30","09:00~11:30,13:00~17:30",063-625-1339,남원시보건소,063-620-7921,예약가능
2021년 11월 03일 14시,전북,남원시,전북 남원시 충정로 365 ,남원의료원,08:30~17:30,미운영,미운영,063-620-1347,남원시보건소,063-620-1347,
2021년 11월 03일 14시,전북,부안군,전북 부안군 부안읍 봉덕리 551-2,부안군보건소,09:00~18:00,09:00~18:00,09:00~18:00,063-580-3062,부안군보건소,063-580-3086,
2021년 11월 03일 14시,전북,부안군,전북 부안군 부안읍 오정2길 24,부안성모병원,00:00~24:00,00:00~24:00,00:00~24:00,063-581-5100,부안군보건소,063-581-3188,
2021년 11월 03일 14시,전북,완주군,전북 완주군 삼례읍 삼봉8로 10-10 완주군보건소 ,완주군보건소,09:00~18:00,09:00~18:00,09:00~18:00,063-290-3015,완주군보건소,063-290-3083,
2021년 11월 03일 14시,전북,익산시,전북 익산시 무왕로 975 ,익산시보건소,09:00~18:00,09:00~18:00,09:00~18:00,063-859-7487,익산시보건소,063-859-4811,
2021년 11월 03일 14시,전북,익산시,전북 익산시 무왕로 895,원광대학교병원,00:00~24:00,00:00~24:00,00:00~24:00,063-859-1165,익산시보건소,063-859-4811,
2021년 11월 03일 14시,전북,익산시,전북 익산시 무왕로 969,익산병원,00:00~24:00,00:00~24:00,00:00~24:00,063-840-9112,익산시보건소,063-859-4811,
2021년 11월 03일 14시,전북,전주시,전북 전주시 덕진구 견훤로 390,대자인병원,00:00~24:00,00:00~24:00,00:00~24:00,063-240-2000,전주시 보건소,063-281-6341,
2021년 11월 03일 14시,전북,전주시,전북 전주시 완산구 한두평3길 13,전주병원,00:00~24:00,00:00~24:00,00:00~24:00,063-220-7280,전주시 보건소,063-281-6342,
2021년 11월 03일 14시,전북,전주시,전북 전주시 덕진구 동부대로 895,호성전주병원,9:00~17:00,미운영,미운영,063-240-8894,전주시 보건소,063-281-6342,
2021년 11월 03일 14시,전북,전주시,전북 전주시 덕진구 벚꽃로 55,덕진선별진료소,9:00~18:00,미운영,미운영,063-281-6341,전주시 보건소,063-281-6344,
2021년 11월 03일 14시,전북,전주시,전주시 완산구 백제대로 310,화산선별진료소,9:00~18:00,09:00~18:00,09:00~18:00,063-281-6341,전주시 보건소,063-281-6341,
2021년 11월 03일 14시,전북,정읍시,전북 정읍시 수성동 958-2,정읍시보건소,"09:00~12:00,13:00~18:00","09:00~12:00,13:00~18:00","09:00~12:00,13:00~18:00",063-539-6112,정읍시보건소,063-539-6112,
2021년 11월 03일 14시,전북,정읍시,전북 정읍시 충정로 606-22 ,정읍아산병원,00:00~24:00,00:00~24:00,00:00~24:00,063-530-6230,정읍시보건소,063-539-6112,
2021년 11월 03일 14시,전북,진안군,전북 진안군 진안읍 군상리 90-15 진안보건소 진안군보건소,진안군보건소,09:00~18:00,09:00~18:00,09:00~18:00,063-430-8523,진안군보건소,063-430-8523,
2021년 11월 03일 14시,전북,진안군,전북 진안군 진안읍 진무로 1145,진안군의료원,00:00~24:00,00:00~24:00,00:00~24:00,063-430-7119,진안군보건소,063-430-7124,
2021년 11월 03일 14시,전북,무주군,전북 무주군 무주읍 당산리 701 ,무주군보건의료원,09:00~18:00,09:00~18:00,09:00~18:00,063-320-8360,무주군보건의료원,633208221,
2021년 11월 03일 14시,전북,순창군,전북 순창군 순창읍 교성로 135,순창군보건의료원,"08:30~12:00,13:00~17:30","08:30~12:00,13:00~17:30","08:30~12:00,13:00~17:30",063-650-5352,순창군보건의료원,063-650-5241,
2021년 11월 03일 14시,전북,임실군,전북 임실군 임실읍 이도리 270-8 임실군 보건의료원 (270-8번지),임실군보건의료원,09:00~17:30,09:00~17:00,09:00~17:00,"063-640-3391,3119",임실군보건의료원,063-640-3396,
2021년 11월 03일 14시,전북,장수군,전북 장수군 장수읍 장수리 425 장수보건의료원,장수군보건의료원,00:00~24:00,00:00~24:00,00:00~24:00,063-350-2662,장수군보건의료원,063-350-2662,
2021년 11월 03일 14시,전남,강진군,전남 강진군 강진읍 목리 11,강진군보건소,09:00~18:00,09:00~17:00,09:00~17:00,061-430-3553,강진군보건소,061-430-3592,
2021년 11월 03일 14시,전남,강진군,전남 강진군 강진읍 탐진로 5,강진의료원,00:00~24:00,00:00~24:00,00:00~24:00,061-433-2167,강진군보건소,061-430-3592,
2021년 11월 03일 14시,전남,고흥군,전라남도 고흥군 고흥읍 등암리 1258-21번지,고흥군보건소,09:00~18:00,09:00~18:00,09:00~18:00,061-830-6688,고흥군보건소,061-830-6688,
2021년 11월 03일 14시,전남,고흥군,전남 고흥군 고흥읍 고흥로 1935,고흥종합병원,00:00~24:00,00:00~24:00,00:00~24:00,061-830-3119,고흥군보건소,061-830-6688,
2021년 11월 03일 14시,전남,고흥군,전남 고흥군 도양읍 차경구렁목길 215,녹동현대병원,00:00~24:00,00:00~24:00,00:00~24:00,061-840-1119,고흥군보건소,061-830-6688,
2021년 11월 03일 14시,전남,광양시,"전남 광양시 광양읍 인덕로 1100, 광양시보건소",광양시보건소,09:00~18:00,09:00~18:00,09:00~18:00,061-797-4011,광양시보건소,061-797-4011,
2021년 11월 03일 14시,전남,광양시,전라남도 광양시 공영로 71,광양사랑병원,09:00~11:30,09:00~11:30,미운영,061-797-7119,광양시보건소,061-797-7113,
2021년 11월 03일 14시,전남,나주시,전남 나주시 이창동 740-1 ,나주시보건소,9:00~18:00,9:00~18:00,9:00~18:00,061-339-4844,나주시보건소,061-339-4745,
2021년 11월 03일 14시,전남,나주시,전남 나주시 영산로 5419,나주종합병원,00:00~24:00,00:00~24:00,00:00~24:00,061-330-6112,나주시보건소,061-339-4745,
2021년 11월 03일 14시,전남,담양군,전남 담양군 담양읍 만성리 135,담양군보건소,10:00~17:00,10:00~16:00,10:00~16:00,061-380-3967,담양군보건소,061-380-3988,의사소통도움판 O
2021년 11월 03일 14시,전남,담양군,전남 담양군 담양읍 천변7길 19,담양 사랑병원,08:00~20:00,08:00~20:00,08:00~20:00,061-380-9119,담양군보건소,061-380-3988,의사소통도움판 O
2021년 11월 03일 14시,전남,목포시,전남 목포시 산정동 1676 ,목포시보건소,09:00~18:00,"09:00~12:00,15:00~17:00","09:00~12:00,15:00~17:00",061-270-4000,목포시보건소,061-270-4346,
2021년 11월 03일 14시,전남,목포시,전남 목포시 영산로 483,목포한국병원,00:00~24:00,00:00~24:00,00:00~24:00,061-270-5900,목포시보건소,061-270-4343,
2021년 11월 03일 14시,전남,목포시,전남 목포시 백년대로 303,목포기독병원,00:00~24:00,00:00~24:00,00:00~24:00,061-260-7211,목포시보건소,061-270-4343,
2021년 11월 03일 14시,전남,목포시,전남 목포시 영산로 627,목포중앙병원,00:00~24:00,00:00~24:00,00:00~24:00,061-280-3167,목포시보건소,061-270-4343,
2021년 11월 03일 14시,전남,목포시,전남 목포시 이로로 18,목포시의료원,00:00~24:00,00:00~24:00,00:00~24:00,061-260-6359,목포시보건소,061-270-4343,
2021년 11월 03일 14시,전남,목포시,전남 목포시 고하대로 795-2,세안종합병원,00:00~24:00,00:00~24:00,00:00~24:00,061-260-6666,목포시보건소,061-270-4343,
2021년 11월 03일 14시,전남,목포시,전남 목포시 고하대로 724,전남중앙병원,00:00~24:00,00:00~24:00,00:00~24:00,061-260-3555,목포시보건소,061-270-4343,
2021년 11월 03일 14시,전남,무안군,전남 무안군 무안읍 성동리 712-1,무안군보건소,09:00~18:00,09:00~18:00,09:00~18:00,061-450-5023,무안군보건소,061-450-4628,
2021년 11월 03일 14시,전남,무안군,전남 무안군 무안읍 몽탄로 65,대송의료재단 무안병원,00:00~24:00,00:00~24:00,00:00~24:00,061-450-3119,무안군보건소,061-450-4628,
2021년 11월 03일 14시,전남,보성군,전남 보성군 보성읍 보성리 827,보성군보건소,09:00~18:00,09:00~18:00,09:00~18:00,010-3779-5157,보성군보건소,061-850-5911,
2021년 11월 03일 14시,전남,보성군,전라남도 보성군 미력면 가평길 36-17,보성아산병원,00:00~24:00,00:00~24:00,00:00~24:00,061-850-3606,보성군보건소,061-850-5911,
2021년 11월 03일 14시,전남,보성군,전남 보성군 벌교읍 남하로 12,벌교삼호병원,00:00~24:00,00:00~24:00,00:00~24:00,061-859-5051,보성군보건소,061-850-5911,
2021년 11월 03일 14시,전남,순천시,전남 순천시 석현동 36-1,순천시보건소,09:00~18:00,09:00~18:00,09:00~18:00,061-749-6680,순천시보건소,061-749-6854,
2021년 11월 03일 14시,전남,순천시,전라남도 순천시 순광로 221,순천 성가롤로병원,08:30~11:30,08:30~11:30,08:30~11:30,061-720-2061,순천시보건소,061-749-6854,
2021년 11월 03일 14시,전남,순천시,전라남도 순천시 서문성터길 2,순천의료원,00:00~24:00,00:00~24:00,00:00~24:00,061-759-9139,순천시보건소,061-749-6854,
2021년 11월 03일 14시,전남,순천시,전라남도 순천시 조례1길 24(조례동),순천병원,09:00~17:30,00:00~24:00,00:00~24:00,061-720-7126,순천시보건소,061-749-6854,
2021년 11월 03일 14시,전남,신안군,전남 신안군 압해읍 천사로 1004,신안군보건소,"09:00~12:00,13:00~18:00","09:00~12:00,13:00~18:00","09:00~12:00,13:00~18:00",061-240-8084,신안군보건소,061-240-8084,
2021년 11월 03일 14시,전남,여수시,전남 여수시 학동 213 여수시 보건소,여수시보건소,09:00~18:00,09:00~18:00,09:00~18:00,061-659-4248,여수시보건소,061-659-4969,
2021년 11월 03일 14시,전남,여수시,전남  여수시 무선로 95,여천전남병원,09:00~17:00,09:00~13:00,미운영,"061-690-6196,6661",여수시보건소,061-659-4969,
2021년 11월 03일 14시,전남,여수시,"전남 여수시 좌수영로 49(광무동,전남병원)",여수전남병원,09:00~17:00,09:00~12:00,미운영,"061-640-7127,7130",여수시보건소,061-659-4969,
2021년 11월 03일 14시,전남,여수시,전남 여수시 여천체육공원길 10,여수한국병원,09:00~17:30,09:00~12:00,미운영,"061-689-9119,9262",여수시보건소,061-659-4969,
2021년 11월 03일 14시,전남,여수시,전남 여수시 쌍봉로 70,여수제일병원,09:00~18:00,09:00~13:00,미운영,"061-689-8101,8846",여수시보건소,061-659-4969,
2021년 11월 03일 14시,전남,영광군,전라남도 영광군 영광읍 남천리 326-5,영광군보건소,"09:00~12:00,13:00~18:00","09:00~12:00,13:00~18:00","09:00~12:00,13:00~18:00",061-350-5552,영광군보건소,061-350-4776,장애인우선검사실시
2021년 11월 03일 14시,전남,영광군,전남 영광군 영광읍 와룡로 3,영광종합병원,"09:00~13:00,14:00~17:00",09:00~13:00,00:00~00:00,061-350-8129,영광군보건소,061-350-8134,"주차공간확보, 메뉴얼 활용, 휠체어이동가능통로,"
2021년 11월 03일 14시,전남,영광군,전남 영광군 영광읍 신남로 265,영광기독병원,00:00~24:00,00:00~24:00,00:00~24:00,061-350-3119,영광군보건소,061-350-3050,"주차공간확보,화장실, 메뉴얼활용"
2021년 11월 03일 14시,전남,영암군,전남 영암군 영암읍 춘양리 525 영암군보건소 ,영암군보건소,09:00~18:00,09:00~18:00,09:00~18:00,061-470-6580,영암군보건소,061-470-6580,
2021년 11월 03일 14시,전남,장흥군,전남 장흥군 장흥읍 흥성로 49,장흥군보건소,09:00~18:00,09:00~18:00,09:00~18:00,061-860-6481,장흥군보건소,061-860-6432,
2021년 11월 03일 14시,전남,장흥군,전남 장흥군 장흥읍 흥성로 92,장흥종합병원,00:00~24:00,00:00~24:00,00:00~24:00,061-862-8300,장흥군보건소,061-860-6432,
2021년 11월 03일 14시,전남,진도군,전남 진도군 진도읍 남동리 776-26번지,진도군보건소,09:00~18:00,09:00~18:00,09:00~18:00,061-540-6054,진도군보건소,061-540-6054,예약가능
2021년 11월 03일 14시,전남,진도군,전라남도 진도군 남문길 48,진도한국병원,00:00~24:00,00:00~24:00,00:00~24:00,061-542-7575,진도군보건소,061-540-6033,예약가능
2021년 11월 03일 14시,전남,함평군,전남 함평군 함평읍 기각리 253,함평군보건소,"09:00~12:00,13:00~18:00","09:00~12:00,13:00~18:00","09:00~12:00,13:00~18:00",061-320-2424,함평군보건소,061-320-2446,"장애인 우선검사 실시, 도움인력 O"
2021년 11월 03일 14시,전남,함평군,전남 함평군 함평읍 영수길 132,함평성심병원,18:00~09:00,00:00~24:00,18:00~24:00,061-324-0001,함평군보건소,061-320-2424,"장애인 우선검사 실시, 도움인력 O"
2021년 11월 03일 14시,전남,해남군,전라남도 해남군 해남읍 해남로 46,해남군보건소,09:00~18:00,09:00~18:00,09:00~18:00,061-531-3745,해남군보건소,531-3745,"장애인 우선검사, 장애인화장실"
2021년 11월 03일 14시,전남,해남군,전라남도 해남군 해남읍 해남로 45,해남종합병원,00:00~24:00,00:00~24:00,00:00~24:00,061-530-0119,해남군보건소,061-530-8262,"장애인 우선검사, 장애인화장실"
2021년 11월 03일 14시,전남,해남군,전라남도 해남군 옥천면 해남로 597,해남우리종합병원,00:00~24:00,00:00~24:00,00:00~24:00,061-530-7119,해남군보건소,530-7119,"장애인 우선검사, 장애인화장실"
2021년 11월 03일 14시,전남,화순군,전남 화순군 화순읍 삼천리 719번지,화순군보건소,09:00~18:00,09:00~18:00,09:00~18:00,061-379-5341,화순군보건소,061-379-5343,
2021년 11월 03일 14시,전남,화순군,전남 화순군 화순읍 서양로 322,전남화순대학교병원,09:00~16:00,09:00~13:00,09:00~13:00,061-379-8558,화순군보건소,061-379-5342,
2021년 11월 03일 14시,전남,화순군,전남 화순군 화순읍 만연로 31,화순성심병원,09:00~18:00,미운영,미운영,061-370-9114,화순군보건소,061-379-5342,
2021년 11월 03일 14시,전남,곡성군,전라남도 곡성군 곡성읍 곡성로 854,곡성군보건의료원,"09:00~12:00,13:00~17:30","09:00~12:00,13:00~17:30","09:00~12:00,13:00~17:30",061-360-8945,곡성군보건의료원,061-360-8945,없음
2021년 11월 03일 14시,전남,곡성군,전남 곡성군 곡성읍 곡성로 761,곡성사랑병원,09:00~17:00,09:00~17:00,09:00~17:00,061-360-6008,곡성군보건의료원,061-360-8932,없음
2021년 11월 03일 14시,전남,구례군,전남 구례군 구례읍 동편제길 30,구례군보건의료원,09:00~18:00,09:00~18:00,09:00~18:00,061-780-2673,구례군보건의료원,061-780-2013,
2021년 11월 03일 14시,전남,구례군,전남 구례군 구례읍 동편제길 4,구례병원,09:00~09:00,09:00~09:00,09:00~09:00,061-780-3231,구례군보건의료원,061-780-3220,
2021년 11월 03일 14시,전남,완도군,전남 완도군 완도읍 죽청리 483-8 완도보건의료원 본관,완도군보건의료원,9:0~18:0,9:0~18:0,9:0~18:0,061-550-6767,완도군보건의료원,061-550-6767,
2021년 11월 03일 14시,전남,완도군,전남 완도군읍 청해진동로 63,대성병원,0:0~24:0,0:0~24:0,0:0~24:0,061-553-4567,완도군보건의료원,061-550-6767,
2021년 11월 03일 14시,전남,장성군,전남 장성군 장성읍 청운 11길 13,장성군보건소,"09:00~12:00,13:00~17:30","09:00~12:00,13:00~17:30","09:00~12:00,13:00~17:30",061-390-7174,장성군보건소,061-390-7174,"장애인 편의시설 O,  의사소통 도움판 활용, 공공서비스(손말이음센터) 활용, 도움인력 O"
2021년 11월 03일 14시,전남,장성군,전남 장성군 장성읍 역전로 171,장성병원,00:00~24:00,00:00~24:00,00:00~24:00,061-390-9000,장성군보건소,061-390-7174,"장애인 편의시설 O,  의사소통 도움판 활용, 공공서비스(손말이음센터) 활용, 도움인력 O"
2021년 11월 03일 14시,경북,경산시,경상북도 경산시 중방동 708-5 (경산시보건소),경산시보건소,09:00~18:00,09:00~18:00,09:00~18:00,053-810-6363,경산시보건소,053-810-6314,
2021년 11월 03일 14시,경북,경산시,경북 경산시 경안로 11,경산중앙병원,09:00~18:00,09:00~12:30,미운영,053-715-0119,경산시보건소,053-810-6314,
2021년 11월 03일 14시,경북,경산시,경북 경산시 경안로 208,세명병원,09:00~17:30,09:00~13:00,미운영,053-819-8500,경산시보건소,053-810-6314,
2021년 11월 03일 14시,경북,경주시,경북 경주시 황성공원로 30(황성동),경주시보건소,09:00~16:00,09:00~16:00,09:00~16:00,054-760-2080,경주시보건소,054-779-8579,
2021년 11월 03일 14시,경북,경주시,경북 경주시 동대로 87  ,동국대 경주병원,09:00~16:30,미운영,미운영,054-748-9300,경주시보건소,054-779-8579,
2021년 11월 03일 14시,경북,고령군,경북 고령군 대가야읍 지산리 232-8 고령군보건소,고령군보건소,09:00~18:00,09:00~18:00,09:00~18:00,054-954-1300,고령군보건소,054-950-7924,"장애인 주차장, 장애인 화장실 등"
2021년 11월 03일 14시,경북,고령군,경북 고령군 대가야읍 중앙로33,고령영생병원,09:00~18:00,09:00~12:00,미운영,054-955-2661,고령군보건소,054-950-7924,
2021년 11월 03일 14시,경북,구미시,경북 구미시 선산대로 111,구미보건소,09:00~17:00,09:00~17:00,09:00~17:00,054-480-7837,구미보건소,054-480-4038,
2021년 11월 03일 14시,경북,구미시,경상북도 구미시 1공단로 179,순천향대학교구미병원,09:00~17:00,09:00~12:00,미운영,054-468-9114,구미보건소,054-480-4038,
2021년 11월 03일 14시,경북,구미시,경상북도 구미시 신시로10길 12 ,구미차병원,10:00~15:00,미운영,미운영,054-450-9367,구미보건소,054-480-4038,
2021년 11월 03일 14시,경북,구미시,경북 구미시 인동20길 46,구미강동병원,09:00~16:30,09:00~12:00,미운영,1599-9669,구미보건소,054-480-4038,
2021년 11월 03일 14시,경북,군위군,경북 군위군 군위읍 군청로 70 군위군보건소 ,군위군보건소,09:30~17:30,09:30~17:30,09:30~17:30,054-380-7447,군위군보건소,054-380-7412,"예약가능, 전자문진표 이용, 의사소통 도움판O,장애인 우선검사 실시, 도움인력O "
2021년 11월 03일 14시,경북,김천시,경북 김천시 신음동 1284 ,김천시보건소,09:00~16:00,09:00~16:00,09:00~16:00,054-433-4000,김천시보건소,054-421-2827,"전자문진표 이용, 의사소통 도움판ㅇ, 도움인력ㅇ"
2021년 11월 03일 14시,경북,김천시,경북 김천시 신음1길 12 ,김천제일병원,09:00~18:00,09:00~13:00,미운영,054-420-9300,김천시보건소,054-421-2827,"예약가능, 전자문진표 이용, 의사소통 도움판ㅇ, 도움인력ㅇ"
2021년 11월 03일 14시,경북,김천시,경북 김천시 모암길 24 ,김천의료원,10:00~16:00,10:00~12:30,미운영,054-429-8114,김천시보건소,054-421-2827,"예약가능, 전자문진표 이용, 의사소통 도움판ㅇ, 도움인력ㅇ"
2021년 11월 03일 14시,경북,문경시,경북 문경시 점촌동(점촌1동) 232 문경시보건소,문경시보건소,09:00~17:00,09:00~16:00,09:00~16:00,054-550-8168,문경시보건소,054-550-8168,
2021년 11월 03일 14시,경북,문경시,경북 문경시 당교3길 25,문경제일병원,08:00~16:00,08:00~12:00,미운영,054-550-7700,문경시보건소,054-550-8168,
2021년 11월 03일 14시,경북,문경시,경북 문경시 중앙로 117-18 ,문경중앙병원,00:00~24:00,00:00~24:00,00:00~24:00, 054-555-2011  ,문경시보건소,054-550-8168,
2021년 11월 03일 14시,경북,봉화군,경북 봉화군 봉화읍 내성리 285 봉화군보건소,봉화군보건소,09:00~18:00,09:00~18:00,09:00~18:00,054-673-4000,봉화군보건소,054-679-6723,
2021년 11월 03일 14시,경북,봉화군,경북 봉화군 보밑길3 봉화해성병원,봉화해성병원,12:00~12:00,12:00~12:00,12:00~12:00,054-674-0011,봉화군보건소,054-679-1331,
2021년 11월 03일 14시,경북,상주시,경북 상주시 무양동 33-4,상주시보건소,09:00~17:30,09:00~17:00,09:00~17:00,054-535-4000,상주시보건소,054-537-6593,"전자문진표 이용, 도움인력 대기"
2021년 11월 03일 14시,경북,상주시,경북 상주시 상서문로 53,상주적십자병원,08:30~17:00,09:00~12:30,미운영,054-534-3501,상주시보건소,054-537-6593,도움인력 대기
2021년 11월 03일 14시,경북,상주시,경북 상주시 냉림서성길,상주성모병원,09:00~17:00,미운영,미운영,054-530-7123,상주시보건소,054-537-6593,도움인력 대기
2021년 11월 03일 14시,경북,구미시,경북 구미시 선산읍 선주로121,구미시선산보건소,09:00~17:00,09:00~16:00,09:00~16:00,054-480-4130,구미시선산보건소,054-480-4142,"장애인 주차장 이용가능, 장애인 우선 검사 "
2021년 11월 03일 14시,경북,성주군,경상북도 성주군 성주읍 성밖숲길 2,성주군보건소,09:00~16:00,10:00~14:00,10:00~14:00,054-930-8122,성주군보건소,054-830-8122,
2021년 11월 03일 14시,경북,안동시,경북 안동시 북문동(중구동) 58 안동시보건소,안동시보건소,09:00~17:00,09:00~16:00,09:00~16:00,"054-840-5999,5917",안동시보건소,054-840-5951,
2021년 11월 03일 14시,경북,안동시,경북 안동시 앙실로 11 (수상동),안동병원,09:00~17:00,09:00~12:30,미운영,054-840-0119,안동시보건소,054-840-5951,
2021년 11월 03일 14시,경북,안동시,경북 안동시 서동문로 99 ,안동성소병원,09:00~15:30,09:00~11:00,미운영,054-850-8114,안동시보건소,054-840-5951,
2021년 11월 03일 14시,경북,안동시,경상북도 안동시 태사2길 55,경상북도안동의료원,09:00~16:30,09:00~11:30,미운영,054-850-6100,안동시보건소,054-840-5951,
2021년 11월 03일 14시,경북,영덕군,경북 영덕군 영덕읍 군청길 53,영덕군보건소,"09:00~12:00,13:00~17:00","09:00~12:00,13:00~15:00","09:00~12:00,13:00~15:00",054-730-6894,영덕군보건소,054-730-6893,도움인력O
2021년 11월 03일 14시,경북,영덕군,경북 영덕읍  영덕로 1621,영덕아산병원,09:00~17:00,미운영,미운영,054-730-0119,영덕군보건소,054-730-6893,
2021년 11월 03일 14시,경북,영양군,경상북도 영양군 영양읍 동부리 동서대로 82번지,영양군보건소,09:00~18:00,10:00~16:00,10:00~16:00,054-680-5196,영양군보건소,054-680-5122,
2021년 11월 03일 14시,경북,영주시,경북 영주시 휴천동(휴천2동) 466-6 영주시보건소,영주시보건소,09:00~18:00,09:00~18:00,09:00~18:00,054-631-4000,영주시보건소,054-639-3883,
2021년 11월 03일 14시,경북,영주시,경북 영주시 대학로 327,영주적십자병원,09:00~17:00,미운영,미운영,054-630-0100,영주시보건소,054-639-3883,
2021년 11월 03일 14시,경북,영천시,경북 영천시 문내동 152-1 ,영천시보건소,"09:00~11:00,14:00~16:00","09:00~11:00,14:00~16:00","09:00~11:00,14:00~16:00",054-339-7979,영천시보건소,054-339-7437,
2021년 11월 03일 14시,경북,영천시,경북 영천시영천시 오수1길 10,영남대학교 영천병원,00:00~24:00,00:00~24:00,00:00~24:00,054-330-7575,영천시보건소,054-339-7863,
2021년 11월 03일 14시,경북,예천군,"경북 예천군 예천읍 군청길 33, 예천군보건소",예천군보건소,09:00~18:00,09:00~16:00,09:00~16:00,054-650-8059,예천군보건소,054-650-8059,없음
2021년 11월 03일 14시,경북,예천군,"경북 예천군 예천읍 시장로 136, 예천권병원",예천권병원,00:00~24:00,00:00~24:00,00:00~24:00,054-654-6611,예천군보건소,054-650-8059,없음
2021년 11월 03일 14시,경북,의성군,경북 의성군 의성읍 도서리 104-1 ,의성군보건소,09:00~17:00,09:00~17:00,09:00~17:00,054-830-6660,의성군보건소,054-830-6670,
2021년 11월 03일 14시,경북,의성군,경북 의성군 의성읍 문소3길 96,공생병원,09:00~18:00,미운영,미운영,054-830-6660,의성군보건소,054-834-3881,
2021년 11월 03일 14시,경북,청도군,경북 청도군 화양읍 범곡리 96 ,청도군보건소,09:00~18:00,09:00~18:00,09:00~18:00,054-373-9453,청도군보건소,054-370-2656,
2021년 11월 03일 14시,경북,칠곡군,경북 칠곡군 왜관읍 석전2리 262-1,칠곡군보건소,09:00~16:00,09:00~15:00,09:00~15:00,054-979-8223,칠곡군보건소,054-979-8223,
2021년 11월 03일 14시,경북,포항시,경북 포항시 남구 인덕동(제철동) 161-1 남구보건소,포항시남구보건소,09:00~17:00,09:00~17:00,09:00~17:00,054-270-4004,포항시남구보건소,054-270-4032,"장애인 주차공간, 휠체어 이동가능 통로 설치"
2021년 11월 03일 14시,경북,포항시,경상북도 포항시 남구 대도동 94-8,세명기독병원,09:00~17:20,09:00~12:20,미운영,054-275-0005,포항시남구보건소,054-270-4032,
2021년 11월 03일 14시,경북,포항시,경상북도 포항시 남구 대잠동길 17,포항성모병원,09:00~16:30,09:00~11:30,미운영,054-272-0151,포항시남구보건소,054-270-4032,
2021년 11월 03일 14시,경북,포항시,경북 포항시 북구 장성동 1363,포항시북구보건소,09:00~17:00,09:00~17:00,09:00~17:00,054-270-4114,포항시북구보건소,054-270-4137,"전자문진표 이용 가능, 도움인력 상시 배치"
2021년 11월 03일 14시,경북,포항시,경북 포항시 북구 용흥로 36,포항의료원,10:00~16:00,11:00~12:00,미운영,054-247-0551,포항시북구보건소,054-270-4137,
2021년 11월 03일 14시,경북,울릉군,경북 울릉군 울릉읍    울릉순환로 396-18,울릉군보건의료원,11:00~12:00,미운영,미운영,054-790-6832,울릉군보건의료원,054-790-6832,"예약 가능, 장애인 우선검사 실시"
2021년 11월 03일 14시,경북,울진군,경북 울진군 울진읍 읍내8길 61-8,울진군보건소,09:00~17:00,10:00~17:00,10:00~17:00,054-783-1250,울진군보건소,054-789-5034,
2021년 11월 03일 14시,경북,청송군,경북 청송군 청송읍 금곡리 1056-54 청송보건의료원,청송군보건의료원,08:30~17:30,09:00~17:30,09:00~17:30,054-870-7100,청송군보건의료원,054-870-7221,예약시 우선검체
2021년 11월 03일 14시,경북,청송군,경북 청송군 진보면 양정길 110,경북북부제2교도소 부속의원,00:00~24:00,00:00~24:00,00:00~24:00,054-870-2575,청송군보건의료원,054-870-7221,예약시 우선검체
2021년 11월 03일 14시,경남,거제시,경상남도 거제시 고현동 906번지 ,거제시보건소,"09:30~12:30,14:30~17:30","09:30~12:30,14:30~17:30","09:30~12:30,14:30~17:30",055-639-6200,거제시보건소,055-639-6107,
2021년 11월 03일 14시,경남,거제시,경남 거제시 계룡로5길 14,거붕백병원,"08:30~12:30,13:30~17:30",08:30~12:30,미운영,055-733-0000,거제시보건소,055-639-6107,의사소통 도움판 활용
2021년 11월 03일 14시,경남,거제시,경남 거제시 두모길16,대우병원,"08:30~12:30,13:30~17:30",08:30~12:30,미운영,055-680-8119,거제시보건소,055-639-6107,의사소통 도움판 활용
2021년 11월 03일 14시,경남,거제시,경남 거제시 연초면 거제대로 4477,맑은샘병원,"08:30~12:00,13:30~17:00",08:30~12:00,미운영,055-736-1004,거제시보건소,055-639-6107,의사소통 도움판 활용
2021년 11월 03일 14시,경남,거창군,경남 거창군 거창읍 거함대로 3079 거창군보건소,거창군보건소,09:00~18:00,09:00~18:00,09:00~18:00,055-940-8335,거창군보건소,055-940-7903,
2021년 11월 03일 14시,경남,거창군,경남 거창군 거창읍 중앙로91 거창적십자병원,거창적십자병원,00:00~24:00,00:00~24:00,00:00~24:00,055-944-3251,거창군보건소,055-940-7903,
2021년 11월 03일 14시,경남,고성군,경남 고성군 고성읍 대독리 4 고성군보건소,고성군보건소,"09:00~12:00,13:00~18:00","09:00~12:00,13:00~18:00","09:00~12:00,13:00~18:00",055-670-4016,고성군보건소,055-670-4016,"예약가능.의사소통 도움판, 도움인력"
2021년 11월 03일 14시,경남,김해시,경남 김해시 외동(내외동) 1261-3 김해시 보건소,김해시보건소,09:00~17:00,09:00~17:00,09:00~17:00,055-330-4481,김해시보건소,055-330-4481,"전자문진표 이용, 도움인력, 붐비는 시간대(오전:9시~10시 / 오후 2시~3시)"
2021년 11월 03일 14시,경남,김해시,경상남도 김해시 분성로 94-8 (외동),김해중앙병원,08:30~16:00,08:30~12:30,미운영,055-330-6000,김해시보건소,055-330-4481,의사소통도움판
2021년 11월 03일 14시,경남,김해시,경상남도 김해시 장유로 167-13 (부곡동),갑을장유병원,10:00~16:00,09:00~11:00,미운영,055-310-6114,김해시보건소,055-330-4481,의사소통도움판
2021년 11월 03일 14시,경남,김해시,경상남도 김해시 김해대로 1814-37 (삼계동),조은금강병원,09:00~16:30,09:00~12:00,미운영,055-330-0428,김해시보건소,055-300-4481,의사소통도움판
2021년 11월 03일 14시,경남,남해군,경남 남해군 남해읍 북변리 458-1,남해군보건소,"09:00~11:30,13:00~18:00","09:00~11:30,13:00~16:30","09:00~11:30,13:00~16:30",055-860-8740,남해군보건소,055-860-8734,도움인력O
2021년 11월 03일 14시,경남,남해군,경상남도 남해군 남해읍 화전로 169,이도의료재단 남해병원,09:00~24:00,09:00~24:00,09:00~24:00,055-863-2201,남해군보건소,055-860-8733,
2021년 11월 03일 14시,경남,창원시,경남 창원시 마산합포구 해운동   61-1,창원시 마산보건소,09:00~18:00,09:00~18:00,09:00~18:00,055-225-5941,창원시 마산보건소,055-225-3045,
2021년 11월 03일 14시,경남,창원시,창원시 마산회원구 팔용로 158,삼성창원병원,09:00~17:00,09:00~12:00,미운영,055-233-8899,창원시 마산보건소,055-225-3045,
2021년 11월 03일 14시,경남,창원시,창원시 마산합포구 3.15대로 231,경상남도마산의료원,08:30~17:30,미운영,미운영,055-249-1116(주간),창원시 마산보건소,055-225-3045,
2021년 11월 03일 14시,경남,창원시,창원시 마산합포구 3.15대로 76,SMG연세병원,09:00~17:30,09:00~12:30,미운영,055-243-0100,창원시 마산보건소,055-225-3045,
2021년 11월 03일 14시,경남,밀양시,경남 밀양시 삼문동 159-1 (삼문중앙로41),밀양시보건소,09:00~18:00,09:00~18:00,09:00~18:00,055-359-7020,밀양시보건소,055-359-6946,
2021년 11월 03일 14시,경남,밀양시,경남 밀양시 삼문중앙로 32,밀양윤병원,00:00~24:00,00:00~24:00,00:00~24:00,055-351-1230,밀양시보건소,055-359-7014,
2021년 11월 03일 14시,경남,사천시,경남 사천시 용현면 덕곡리 사천시청 501번지,사천시보건소,09:00~18:00,09:00~18:00,09:00~18:00,055-831-3630,사천시보건소,055-831-3637,
2021년 11월 03일 14시,경남,사천시,경남 사천시 남일로 33(동금동),의료법인승연의료재단 삼천포서울병원,00:00~24:00,00:00~24:00,00:00~24:00,055-830-9009,사천시보건소,055-831-3637,
2021년 11월 03일 14시,경남,사천시,경남 사천시 중앙로136,삼천포제일병원,00:00~24:00,00:00~24:00,00:00~24:00,055-830-3099,사천시보건소,055-831-3637,
2021년 11월 03일 14시,경남,양산시,경남 양산시 중부동 707-2(삽량로 169),양산시보건소,09:30~17:00,09:30~16:30,09:30~16:30,055-392-5220,양산시보건소,055-392-5226,
2021년 11월 03일 14시,경남,양산시,경남 양산시 신기로 28,베데스다병원,09:00~17:00,09:00~12:00,미운영,055-384-9901,양산시보건소,055-392-5226,
2021년 11월 03일 14시,경남,양산시,경남 양산시 금오로 20,양산부산대학교병원,09:00~17:00,미운영,미운영,055-360-3366,양산시보건소,055-392-5226,
2021년 11월 03일 14시,경남,양산시,경남 양산시 서창로 59,웅상중앙병원,09:00~17:00,09:00~12:00,미운영,055-912-1491,양산시보건소,055-392-5226,
2021년 11월 03일 14시,경남,의령군,경상남도 의령군 의령읍 서동리 534,의령군보건소,09:00~18:00,09:00~18:00,09:00~18:00,055-570-4900,의령군보건소,055-570-4905,
2021년 11월 03일 14시,경남,의령군,경남 의령군 의령읍 의병로14길 10,의령병원,00:00~24:00,00:00~24:00,00:00~24:00,055-573-4100,의령군보건소,055-570-4905,
2021년 11월 03일 14시,경남,진주시,"경남 진주시 월아산로 2026, 1층 (초전동)",진주시보건소,09:00~18:00,09:00~18:00,09:00~18:00,055-749-5714,진주시보건소,055-749-6640,장애인ㆍ노약자 시각안내판
2021년 11월 03일 14시,경남,진주시,경남 진주시 진주대로 885,제일병원,08:30~17:00,08:30~13:00,미운영,055-756-2900,진주시보건소,055-749-6993,
2021년 11월 03일 14시,경남,진주시,경남 진주시 동진로 2,고려병원,09:00~17:00,09:00~13:00,미운영,055-751-2599,진주시보건소,055-749-6993,
2021년 11월 03일 14시,경남,진주시,경남 진주시 남강로701,반도병원,09:00~16:00,09:00~12:00,미운영,055-749-0556,진주시보건소,055-749-6993,
2021년 11월 03일 14시,경남,진주시,경남 진주시 진양호로 370,진주복음병원,09:00~17:00,09:00~13:00,미운영,055-749-7119,진주시보건소,055-749-6993,
2021년 11월 03일 14시,경남,진주시,경남 진주시 진주대로 829,진주세란병원,09:00~18:00,09:00~13:00,미운영,055-760-7575,진주시보건소,055-749-6993,
2021년 11월 03일 14시,경남,진주시,경남 진주시 강남로 79,경상국립대학교병원,09:00~18:00,09:00~13:00,미운영,055-750-8939,진주시보건소,055-749-6993,
2021년 11월 03일 14시,경남,진주시,경남 진주시 범골로 17,한일병원,09:00~16:00,09:00~12:00,미운영,055-750-1373,진주시보건소,055-749-6993,
2021년 11월 03일 14시,경남,창원시,경남 창원시 진해구 풍호동 1 진해보건소,창원시 진해보건소,09:00~18:00,09:00~18:00,09:00~18:00,055-225-6121,창원시 진해보건소,055-225-6121,
2021년 11월 03일 14시,경남,창원시,경남 창원시 진해구 해원로32번길 13,연세에스병원,09:00~18:00,09:00~12:00,미운영,055-548-7700,창원시 진해보건소,055-225-6121,
2021년 11월 03일 14시,경남,창원시,경상남도 창원시 진해구 중원동로 55-1,세광병원,09:00~18:00,09:00~12:00,미운영,055-540-3700,창원시 진해보건소,055-225-6121,
2021년 11월 03일 14시,경남,창녕군,경남 창녕군 창녕읍 교리 996-1 창녕군보건소,창녕군보건소,09:00~18:00,09:00~18:00,09:00~18:00,055-530-6217,창녕군보건소,055-530-6214,
2021년 11월 03일 14시,경남,창녕군,경남 창녕군 창녕읍 교리1길 2,태황의료재단한성병원,00:00~24:00,00:00~24:00,00:00~24:00,055-530-5119,창녕군보건소,055-530-6214,
2021년 11월 03일 14시,경남,창원시,경남 창원시 의창구 신월동  창원보건소 96-2,창원시 창원보건소,09:00~18:00,09:00~18:00,09:00~18:00,055-225-4281,창원시 창원보건소,055-225-4281,
2021년 11월 03일 14시,경남,창원시,경남 창원시 성산구 삼정자로11,창원경상국립대학교병원,09:00~17:00,미운영,미운영,055-214-1000,창원시 창원보건소,055-225-4281,
2021년 11월 03일 14시,경남,창원시,경남 창원시 의창구 창이대로 45,창원파티마병원,09:00~17:00,09:00~12:00,미운영,055-270-1020,창원시 창원보건소,055-225-4281,
2021년 11월 03일 14시,경남,창원시,경남 창원시 의창구 용동로57번길 8,창원한마음병원,09:00~17:00,09:00~12:00,미운영,055-225-0000,창원시 창원보건소,055-225-4281,
2021년 11월 03일 14시,경남,통영시,경남 통영시 무전동 401-1 통영시보건소,통영시보건소,09:00~18:00,09:00~18:00,09:00~18:00,055-650-6055,통영시보건소,055-650-60505,
2021년 11월 03일 14시,경남,통영시,경남 통영시 중앙로97,통영적십자병원 ,09:00~18:00,09:00~12:30,미운영,055-644-8901,통영시보건소,055-650-6053,
2021년 11월 03일 14시,경남,하동군,경남 하동군 하동읍 읍내리 149-1 하동보건소,하동군보건소,09:00~18:00,09:00~18:00,09:00~18:00,055-882-4000,하동군보건소,055-880-6678,
2021년 11월 03일 14시,경남,하동군,경상남도 하동군 하동읍 화심길 39,새하동병원,09:00~17:00,미운영,미운영,055-880-4200,하동군보건소,055-880-6678,
2021년 11월 03일 14시,경남,함안군,경상남도 함안군 가야읍 말산리 100번지,함안군보건소,09:30~16:30,09:30~16:00,09:30~16:00,055-580-3113,함안군보건소,055-580-3113,
2021년 11월 03일 14시,경남,함안군,경남 함안군 칠원읍 용산2길 45-13,영동병원,09:00~17:00,미운영,미운영,055-586-2000,함안군보건소,055-580-3033,
2021년 11월 03일 14시,경남,함안군,경남 함안군 산인면 학산2길 17-50,아라한국병원,09:30~16:00,미운영,미운영,055-582-8088,함안군보건소,055-580-3034,
2021년 11월 03일 14시,경남,함양군,경남 함양군 함양읍 한들로 141,함양군보건소,09:00~18:00,09:00~18:00,09:00~18:00,055-960-8040,함양군보건소,055-960-8040,
2021년 11월 03일 14시,경남,함양군,경남 함양군 함양읍 고운로 70,함양성심병원,09:00~09:00,09:00~09:00,09:00~09:00,055-963-4322,함양군보건소,055-960-8040,
2021년 11월 03일 14시,경남,합천군,경남 합천군 합천읍 합천리 524-1,합천군보건소,09:00~18:00,09:00~18:00,09:00~18:00,055-930-3683,합천군보건소,055-930-3683,O
2021년 11월 03일 14시,경남,산청군,경상남도 산청군 산청읍 지리 중앙로97,산청군보건의료원,09:00~18:00,09:00~18:00,09:00~18:00,055-970-7582,산청군보건의료원,055-970-7532,
2021년 11월 03일 14시,제주,서귀포시,제주 서귀포시 중앙로101번길 52,서귀포시(서귀포보건소),09:00~18:00,09:00~18:00,09:00~18:00,064-760-6091,서귀포시(서귀포보건소),064-760-6024,차량 내 검사 지원 및 휠체어 대여
2021년 11월 03일 14시,제주,서귀포시,제주특별자치도 서귀포시 일주동로 8638,서귀포열린병원,09:00~18:00,09:00~12:00,미운영,064-762-8001,서귀포시(서귀포보건소),064-760-6024,
2021년 11월 03일 14시,제주,서귀포시,제주특별자치도 서귀포시 장수로 47 ,서귀포의료원,00:00~24:00,00:00~24:00,00:00~24:00,064-730-3518,서귀포시(서귀포보건소),064-760-6024,
2021년 11월 03일 14시,제주,서귀포시,제주 서귀포시 남원읍 남원리 2359-1 동부보건소,서귀포시(동부보건소),09:00~18:00,09:00~18:00,09:00~18:00,064-760-6192,서귀포시(동부보건소),064-760-6192,거동불편자 대상 드라이브 스루 검체 채취 가능 
2021년 11월 03일 14시,제주,서귀포시,"제주특별자치도 서귀포시 대정읍 최남단해안로15번길 12, 서귀포시 서부보건소",서귀포시(서부보건소),"09:30~11:20,13:30~17:20","10:00~11:20,13:30~16:00","10:00~11:20,13:30~16:00",064-760-6239,서귀포시(서부보건소),064-760-6239,
2021년 11월 03일 14시,제주,제주시,제주 제주시 연삼로 264,제주시제주보건소,09:00~17:30,09:00~17:30,09:00~17:30,064-728-1410,제주시제주보건소,064-728-8505,접수 및 안내 도움 인력 O
2021년 11월 03일 14시,제주,제주시,제주 제주시 아란13길 15,제주대학교병원,00:00~24:00,00:00~24:00,00:00~24:00,064-717-1900,제주시제주보건소,064-728-4082,
2021년 11월 03일 14시,제주,제주시,제주 제주시 도령로 65,제주한라병원,00:00~24:00,00:00~24:00,00:00~24:00,064-740-5158,제주시제주보건소,064-728-4082,
2021년 11월 03일 14시,제주,제주시,제주 제주시 연신로 52,한마음병원,00:00~24:00,00:00~24:00,00:00~24:00,064-750-9119,제주시제주보건소,064-728-4082,
2021년 11월 03일 14시,제주,제주시,제주 제주시 서광로 193,한국병원,00:00~24:00,00:00~24:00,00:00~24:00,064-750-0582,제주시제주보건소,064-728-4082,
2021년 11월 03일 14시,제주,제주시,제주 제주시 월랑로 91,중앙병원,00:00~24:00,00:00~24:00,00:00~24:00,064-786-7119,제주시제주보건소,064-728-4082,
2021년 11월 03일 14시,제주,제주시,제주 제주시 구좌읍 김녕리 1697-1 동부보건소 동부보건소,제주시(동부보건소),09:00~17:30,09:00~16:00,09:00~16:00,064-728-4392,제주시(동부보건소),064-728-4392,
2021년 11월 03일 14시,제주,제주시,제주특별자치도 제주시 한림읍 한림리 966-1번지 (한림리),제주시(서부보건소),09:00~17:30,09:00~17:00,09:00~17:00,064-728-4141,제주시(서부보건소),064-728-4142,거동불편자 대상 차량 내 검사 등 지원
